用户,评论内容,点赞数,评论时间,观点分类
斯巴鲁sibaliu,并非当场死亡[doge],106,2025-10-15 20:00:46,反对
M多喝热水M,再发一遍[微笑]，今天中午绿化带战神，耽误我二十分钟，堵死了真烦心，看车灯大概率是大麦牌汽车，记录仪拍的比较模糊，这车布盖的太及时了，也可能是怕烧起来吧，上次是一个奥创半夜在双向四车道的省道上，越双黄线逆行超我车，我开85在快车道，他可能比较急，但路上就我俩，慢车道超一下也行吧，开那么快，一脚下去起码120+，十秒钟尾灯我都看不到了[微笑]，夸张哦真的,59,2025-10-15 20:57:46,支持
纯野人吔,[笑哭]我今天回老家就遇到查酒驾的了，不知道是不是因为这个事儿，平时压根就没见到过,62,2025-10-15 20:09:38,支持
经典骁战,这事我站小米，喝酒开车就不能给机会[doge],26,2025-10-16 10:21:00,支持
紅魔馆の芙兰朵露,我觉得还得反思一个问题就是为什么电车总是小米在出事[笑哭][笑哭],15,2025-10-17 10:59:33,支持
心上一枪开的漂亮,救人的没有被表扬，还被小米把号给封了，真的搞笑。,823,2025-10-15 22:09:52,支持
跑跑卡丁车高质量选手,自己都把国标贴出来了，然后只读自己画红线的部分？非撞击侧门五个字怎么不念了？超哥我也看了好久了，自己购车目标也是手动挡车，但是这个，总觉得是不是超哥也开始蹭热点了。,13,2025-10-15 20:20:29,支持
炒盐,手持小米手机，给大家伙来个爆的,235,2025-10-16 00:16:37,支持
欢乐迪加,还是那句话，害人害己，幸好前车司机没事，最讨厌这种喝酒开车的了。,9,2025-10-16 18:45:41,支持
peace博,小米车主大量超速造成事故完全不意外。当一个车企，主要客户群体是大量刚出社会的年轻人，产品是城市道路用的汽车，ceo天天在社交媒体营销的是马力有多大，漂移有多帅，200公里刹停有多快的时候，大众就应该知道这个企业社会道德底线有多低，完全没有把客户和其他交通参与者的生命安全当回事，他要的只是引导让追求刺激的年轻人下单买车。,81,2025-10-16 02:42:44,支持
偉大孔佬-Official,自己🈚了，没波及路人，车🈚了，顺便给风评拉的更低了，周处除三害了属于是[点赞],94,2025-10-16 12:27:55,支持
凹凸骑士二巴,我记得这哥们之前不是推荐买米车的吗[doge],5,2025-10-16 14:34:09,支持
霸占她的天下,人肯定有问题，车有没有，不知道，没亲自开过，不好评价，反正是车门没开，变不变形不知道，电瓶坏没坏不知道，车是好车，有没有大问题不知道[喜极而泣],4,2025-10-16 11:00:00,支持
骑马没冰淇淋吃,[吃瓜]承认自己产品问题很难吗？又想拉上全行业？别的国产这种必死的事故，车主自己都不需要营救，自己开门下车。【两年过去了，又有热度了，带大家回顾一下798比亚迪保命瞬间-哔哩哔哩】 https://b23.tv/Z3NscTR,42,2025-10-16 11:21:09,支持
潘子的酒,视频被ota了，热度也完全被压下去了还一堆魔怔饭圈粉丝去骂他,50,2025-10-16 06:56:17,反对
甘霖瑙,我拿刀自杀我有问题吗。有！那刀有问题吗？那肯定也有！对吧，公式做题就是快[doge],3,2025-10-17 00:30:05,支持
中国兄弟会,省流：超哥就喜欢一直发同一个视频！,3,2025-10-15 20:45:42,反对
小圆大馒头,弹幕贼逆天，还说up避重就轻[喜极而泣]纯大聪明集合体，官方书面都没出来，但是官方确定的是这个司机喝酒了，所以呼吁大家遵纪守法不是对的么[喜极而泣]咋就成了他嘴里的避重就轻,5,2025-10-18 05:46:58,支持
ScorpionR81,3：30秒左右，超哥你再看看自己说了啥？！！目前哪个电动车车门外门把手是是跟粗粮一样的微动开关，你倒是举个例啊，别上来就不止粗粮，其他很多？！！ 作为马上百大的电台节目主持人，嗓门大就就是对了，就有理了？粉丝越多，说话越是要严谨的,31,2025-10-18 01:20:03,支持
伪人累总,说当时就撞死的，这种撞击力度气囊为啥没出来[难过],6019,2025-10-15 20:30:49,支持
Modi老仙,牢翔:多谢各位米粉还我清白，感恩。[给心心],52,2025-10-16 15:07:57,支持
怎么看也看不懂,人家都黑到这份上了，雷军还是豁不出去啊。换我就魔法对轰，直接说“车祸后车门打不开就是车的问题，我的小米车可以保证只有在150码以上撞了才打不开，谋车60码怼公交，人死了门还打不开，换你买哪个？”这样的话。谋些车跟某些人不都直接炸了么？,3,2025-10-17 08:50:10,支持
2015,UP主言论记录： 涉嫌酒驾——人肯定有问题。 门变形了吗——不知道啊。 视频里没显示司机任何画面，但UP说“人绝对有问题”。 视频里车门看不出任何形变，...,10,2025-10-17 22:41:32,支持
ma45900,在别处看到的 “小米对酒驾零容忍”[呲牙],372,2025-10-15 20:10:50,支持
美情笑,这门子设计的外面的人想救都救不了！,2,2025-10-15 20:01:37,中立
头顶荷包蛋的小黄,小米汽车的机械拉手在车门里面，也搞不懂为什么要这么设计，直接在外面用机械门把手不好吗？真出事儿了，一个是不方便把身子伸到车里面去拉机械拉手，另外也不是谁都知道机械拉手在哪个位置啊[笑哭],2,2025-10-17 20:07:25,反对
达斯-温杜,这是国庆当天，在长沙以北的主干道，一辆车横向冲出路面，撞断3棵饭碗粗的树后停下的车祸现场，我是第一个抵达现场的。前排两人昏迷，无法判断有没有骨折，直接拉开车门通风，后排有个小孩还清醒着，额头撞了个包，在他配合下让我抱了出来。,1012,2025-10-16 16:12:36,支持
羲帅,超哥是不是忘了说小米的车不弹气囊的事 撞击力度那么大一个气囊都不弹？,2,2025-10-18 12:37:05,支持
伝説の超超-official,200km/h瞬间刹停呢，救一下啊,550,2025-10-16 01:50:58,反对
轨道-痕迹-消失,[tv_冷漠][tv_冷漠][tv_冷漠]车的致命安全缺陷隐患问题也逃不了 一发生事故车门就打不开 就算外面的路人想救也救不了啊,41,2025-10-16 08:04:59,反对
哈库拉玛嗒挞嗒,不成熟的人开不成熟的车，成熟的了,2,2025-10-15 20:18:30,支持
康斯坦丁-马卡利齐,带节奏的没意思。现在可以证实的是，司机酒驾，汽车开到时速100KM以上，发生碰撞翻转，车门或周边框架变形，甭说电车，任何车徒手都打不开，无论从外从里，除非消防破拆工具。唯一可喷的是电车大事故后起火的概率比油车高，且不易被扑灭。但现在全世界在固态电池普及前，电车都一样，除非你不开电车。,3,2025-10-22 12:59:07,支持
Power派森,你深度分析了什么我就问？,3,2025-10-17 23:59:44,支持
拿皮特命换方大同,优雅,1176,2025-10-16 07:58:27,中立
龙城流觞,其实你懂的,271,2025-10-16 05:02:12,支持
你爱罗,引用自阿森评论区： 其实隐藏式门把手应该这么分类 1.机械撬棍类：modely和model3使用，纯机械翘起，需要人手动撬开门把手，但疑似是微动开关。已有视频证明断电可能无法外部开启 2.电动门把手：可以分为全弹出和撬棍类，是最主流的方案。都是解锁自动弹出，弹出后就是个机械门把手。如果断电没能弹出，也可以当撬棍类来用，按一头拉另一头也能当机械把手用。“开门”这个过程仍然是机械的。缺点是外面的救援人员不一定知道这个方法 3.半隐藏类：要么兼具机械和电动开关，比如问界m8那种，要么就是五菱宏光上那种纯机械。都可以直接拉开。目前最优解 4.纯逆天类：长的像个半隐藏，实际上是个微动开关，没有任何机械结构，一旦断电没有任何车外开启的可能性。解决了汽车工业140年没有这种逆天设计的空白,546,2025-10-15 20:29:50,反对
15年老号,[呲牙],125,2025-10-16 10:22:36,中立
进击滴王尼玛,00:06 都有问题[幻星乐园动态表情包_无语],15,2025-10-15 20:20:48,支持
雨飘霖,有预言家预言成真，但消耗了一条人命！,699,2025-10-16 00:29:01,支持
问绮风007,我们都错怪翔翔了，原来撞车了是真打不开车门[笑哭],224,2025-10-16 15:55:02,反对
蜡笔老jo,有的是物理机械的隐藏把手，用电动开关纯粹是为了节约成本,207,2025-10-16 07:18:57,反对
real昊也,3:28 并非有一批都是这副德行，纯微动开关的仅此一家，别家虽然是隐藏门把手但都保留了机械结构。,1336,2025-10-15 23:46:57,反对
V小伙,你看，超哥的视频没被举报下架的原因就是文稿上面做足了安全冗余设计[doge][doge][doge],451,2025-10-18 20:59:20,支持
桌紫布齐邓紫棋,虚假宣传的100多码aeb，虚假宣传200公里瞬间刹停，虚假宣传的智驾第一梯队结果国家介入发现大规模安全质量问题，虚假宣传.... 欢迎米粉补充[OK],280,2025-10-15 22:31:06,反对
煌黑级小电视,搞笑的是“安全是最大的豪华”王总早在几年就说了，现在才天天提起来说[doge],210,2025-10-16 17:01:35,支持
超级无敌原神体育生,之前我说200匹开不明白就上三四百匹，五六百匹甚至上千匹一定会出事，现在我觉得我错了，大部分人160匹都开不明白就上大马力了[笑哭]你要知道，拓海用250匹的86干爆了高桥的gtr，而你，我的朋友，你开1000匹马力的s7u可能第一个弯就掉下去了,195,2025-10-15 23:20:12,支持
周师父思钱想厚,别听米系kol说的，什么160时速200时速撞的，现场视频照片都有，多看看，前大灯都没碎，车头没有溃缩，机盖完整，ab柱没有形变，安全气囊都没弹，再多搜搜160时速的车祸视频多看看，撞完以后车是个什么状态，解体的都一大把。,522,2025-10-16 10:36:55,支持
厚礼蟹_谢Bro,该喷的不应该是为了省成本不搞机械门把手吗，一个个都在说超哥的视频被ota，这些是选择性看不见？https://b23.tv/BV1dx48zcELD https://b23.tv/BV19848ztEjy https://b23.tv/BV1eUpfzPEWC https://b23.tv/BV1VzfNYZEgD https://b23.tv/BV1UqfgYeE29 https://b23.tv/BV13NdnY4E9D,2,2025-10-15 21:06:10,反对
您可别烦我,怎么一直补档？,2009,2025-10-15 20:02:17,中立
食粥鸟,呃…就问问啊，人都烧没了，怎么知道或者确定酒驾没酒驾呢,112,2025-10-16 22:39:23,支持
把一件事做到最好,这下真成Xiaomi发烧友了[笑哭],1333,2025-10-15 22:01:55,中立
sunwellaki,赞美太阳☀,63,2025-10-15 23:06:58,中立
不喜欢有生之年系列,他就算酒驾 也有权利活着 而不是被活活烧死[生气],207,2025-10-15 20:05:54,中立
人生见舍得,抖音都ota差不多，车没问题怕啥，还ota。 不是有端到端驾驶辅助吗？ 哦对哦，上次三人就使用端到端辅助走了。 现在这个没使用端到端，包括平潭掉海。 都怀疑端到端，所以不使用。 自己手动开跟端到端差不多。 那这车值只能追求速度，最后速度把自己送走了。 这是多么讽刺的结果。,122,2025-10-15 20:41:19,支持
大师级猛禽德鲁伊,建议上车前增加酒驾检测，人脸识别吹一下，不酒驾才能启动。,237,2025-10-15 20:38:49,支持
重生之我在幼儿园炼金,猜猜是谁家的M7出了事故7天内公布调查结果 猜猜是谁家的S*7出了事故ota视频[doge],85,2025-10-15 20:32:22,支持
青空XL,喝酒是出事故的原因，但是死人不是,453,2025-10-16 09:48:32,支持
好汉饶命口丫,高，实在是高,97,2025-10-16 04:34:36,中立
Stephen雪,准确的说应该是：就算是酒驾，也有权利先活着接受审判和处罚。不过这次事故酒驾+超速+风味门把手+风味机盖+冲上绿化带+电池起火也算是各项米车buff集合了，不过之前帕萨特断a柱闹那么大也坚挺了一年多才让销量降下去，我觉得在累总的善意营销下下这牌子肯定还会活下去的，至于下次事故发生在什么时候就不知道咯,246,2025-10-15 20:09:43,支持
长空万里破秋雁,最致命的是打不开车门，别人想救你都来不及 而且看图片，烧完了的时候，大梁柱子，基础车身完全没大幅度变形啊,44,2025-10-21 12:34:52,支持
逗土豆吐豆,门把手一定要能开门🙌🏻,86,2025-10-17 10:41:08,反对
zwxdogs,为啥不直接搞机械的门把手就完事儿了，电动门把手有啥好的,569,2025-10-15 22:32:36,支持
龙猫喵苗,撞击力度大导致的—— 那你气囊是摆设看戏的？ 一根筋两头堵了吧[吃瓜],59,2025-10-16 08:00:15,支持
巨型派大超,如果救出来了，那就是人的问题。现在人死了，那就是车的问题,3,2025-10-16 01:52:33,支持
leijiu9999,他们只会想象速度超过150，超过200，可是连车牌都没有变形，他们不会相信的。。。这和现场救人的小伙子描述一致的。。。他们只会相信虎嗅网的“翻滚”，相信中国新闻周刊记者的“第一现场”，真的是无语了。,222,2025-10-16 10:57:05,支持
错误的时之虫,安全,80,2025-10-26 00:59:40,反对
驴达的货,[脱单doge],53,2025-10-19 14:03:25,中立
小柒子i,车门能不能开，跟酒驾有啥关系？🤣,2,2025-10-20 11:42:22,支持
nice2米兔,挺好的，少了一个酒驾危害社会的混蛋，也让新能源汽车的安全性让社会高度关注,3,2025-10-16 11:59:18,支持
张北固,助我破鼎!!!给~~破~~~,2,2025-10-18 00:15:10,中立
半糖少加糖,山西问界燃烧，打不开车门，HUAWEI公司怎么还没出通报？,2,2025-10-17 12:08:44,反对
累了的首富,不懂就问，碰撞现场视频显示ab柱甚至车灯都是完好的，官方也根本没有公布过碰撞时车速视频，米粉们是怎么意淫出的200碰撞车速？,19,2025-10-16 13:04:43,支持
Vsfssggdv,总结： 人不行 ，车也不行[doge],65,2025-10-16 09:28:15,支持
爱自驾的9527,咱这把手不也挺帅的吗[吃瓜],6,2025-10-16 18:34:12,反对
1121121546,@小米法务,1,2025-10-18 10:09:06,中立
晚梦拾遗,人车都有问题,1,2025-10-17 21:20:14,支持
鱼已愚,当天晚上代价群里直接传开了 就是喝酒了的,1,2025-10-16 23:08:58,支持
精进每医天,一惊一乍,1,2025-10-16 13:33:35,中立
万青Black11,应该庆幸的是他喝了酒没有给其他生命带来危险，这很好了,1,2025-10-16 13:18:44,支持
哒咩哒咩哒咩哟丶,超哥说的对，有的东西个性不了，也不该个性，消防验收从来不允许消火栓出现红色以外的任何颜色，有谁非要成天拿消火栓不好看说事么,1,2025-10-16 12:00:07,支持
廣州偆袋哥,@雷军 累总，出来讲两句[doge_金箍],1,2025-10-16 11:30:53,支持
YOU鬼迷日眼,不是有个电池弹射吗，没开会员吧,1,2025-10-16 11:14:37,支持
sunbuny,哥么有个更绝望的视频，车门变形，人还活着，趴在窗口车起火旁边人拉不出来只能眼睁睁的看着一条生命去世,1,2025-10-16 10:35:46,支持
孤中意舟呢,我没有接触过小米汽车，我家做小米手机的，不过早就没做了。小米确定便宜，符合部分年轻人的消费水平和需求，在国产品牌手机里面，小米、红米的返修率、故障率是最高的，我自己也用过一款老红米，我没出现过啥问题，但是综合下来厂商、经销商、出问题的顾客都对反反复复的小问题感到头大。也不懂为啥要吹小米，做产品讲究性价比，质量垃圾就是垃圾。12年的大众你喜欢吃机油我大不了多加几次，1.2年的小米你你当场爆炸我是真的受不了。,1,2025-10-16 10:19:00,支持
BBOYSakura,请想问一下哈佛大狗这个车的安全性咋样，对比星越l，博越l.和瑞虎这种。我在这几个中纠结,1,2025-10-16 01:33:38,支持
哔事可乐wa,车是有问题，但是最主要的问题是酒驾！你不知道他什么时候酒驾开那么快去撞行人,1,2025-10-16 00:48:15,支持
伊人造物,人本来能活，但是门打不开，就被活活烧死了,1,2025-10-16 00:30:46,反对
追风滚草,现在还有没有能补极氪定金的车企？[脱单doge]不想要了，想换。（只知道蔚来，但是有点贵）,1,2025-10-15 21:56:28,中立
哄懵,怎么没人关心,1,2025-10-15 20:17:16,支持
艾小丁S,省流，三个救援的责任，不是你点的火你为什么要救[吃瓜],1,2025-10-19 10:34:56,反对
爱读书的阿方,我只能说，虽然酒驾，但这起事故没撞人，罪不至死，我觉得造车还是要对安全有敬畏之心，高马力激进的设计就是安全在让步，小米不应该拼速度而是拼安全，能保护车内人员的车才是好车，而不是跑得快长得帅功能越多，一旦涉及到生命安全，再好的设计都是虚的，再好的销量都会反噬，我只能说雷总造车不比造手机，手机一堆 bug 没问题，汽车一个 bug 就关乎人命，敬畏生命才是造车的最终目的[保佑],1,2025-10-18 00:00:46,支持
初六履霜,被烧的时候在惨叫,1,2025-10-17 05:14:53,中立
家门口走丢找不到家,他是贷款买车的，本身给别人打工，不是特别富有的家庭。,1,2025-10-16 22:16:58,支持
猪弑顺利,自动清除了系统，把喝酒飙车的垃圾清除了。,1,2025-10-16 20:52:26,支持
不愿透露姓名的唐某,当初一直有人说特斯拉刹车失灵，现在没人说了，小米要占70%的功劳,1,2025-10-16 15:13:29,支持
bili_75952367541,全国有多少个品牌的电车每天有多少车辆发生车祸又有多少电车发生车祸为什么我所能看见的只有小米别的我为什么一个都没看见呀？,1,2025-10-16 14:10:41,支持
弱鸡会喊666丶,☀：说半天能耽误我一秒钟的健身时间吗？[doge],1,2025-10-16 14:05:59,支持
舵头大舰长,[doge_金箍],1,2025-10-16 13:20:45,中立
小王子的b站,[支持][支持][支持],1,2025-10-16 12:39:08,中立
JustStory_IIIIC,不成熟的企业遭造了一个不成熟的产品，卖给了不成熟的消费者,1,2025-10-16 10:35:24,反对
17代铁胆神猴,为什么重新发一次？被小米法务警告了吗,1,2025-10-16 07:27:28,支持
优雅的胖子moses,超哥大学学的是说书专业吗？？,1,2025-10-15 22:09:23,支持
正在躺尸的咸鱼,200km/h的速度，车灯完好，四周车身微脏。这个事故前5s最高速度很灵性，刹车什么的完全不提，造成200速度直接撞击的错觉,1,2025-10-15 21:19:42,支持
cquptwx,买车首要考虑安全,1,2025-10-15 20:29:35,反对
一木之柏,开小米汽车，享受人生一条龙服务[doge],1,2025-10-15 20:21:21,支持
正大刘正,车着火门打不开就是车的问题,1,2025-10-15 20:17:07,支持
红温今天退役了,车也有问题，人也有问题，但负责任的说，有问题的人就喜欢买他这款车。,1,2025-10-15 20:05:31,支持
_诚实可靠小郎君,现在到底是只有小米不安全，还是电车都不安全，我爸不让我买电车，但我一直挺想买一辆的,500,2025-10-16 05:56:13,反对
睡不醒的困困包,符合刻板形象，主播不敢说，怕接官司，所以我也不说，你喜欢一叶障目那就这样吧,1,2025-10-17 16:27:18,反对
dy号商顺风,可惜不是军开的，要是军开的肯定没事，军能200公里瞬间刹停,1,2025-10-17 15:39:59,支持
御手洗靖无咎让陈默弗朗西斯科,UP主的颜值如果去成都的话...[doge_金箍],1,2025-10-16 14:54:47,支持
逗萝大陆之龙王传说,竟然没有安全锤链接？超哥才是不赚钱拍视频给大家看，和大家交个朋友[doge_金箍],1,2025-10-16 08:02:44,反对
碎不着咋办,200km/h速度撞上去，新国标也不能保证不快速燃烧，2h内不烧只能看运气。 新国标是有速度标准的。 但是小米没有机械门把手确实煞币的不行。 还有就是没有机械切断电机运转的车，反正我不买,1,2025-10-18 08:55:16,支持
大小鋅,这视频，国标都说多少次了，问题国标不烧的速度是60呀，不提的吗？,17,2025-10-16 22:51:36,支持
淮扬-许仙,我当时在场就好了，我车上备有破窗锤，说不定就可以救他了,5,2025-10-16 17:40:36,中立
苕面窝7364,下车了[笑哭],1,2025-10-15 21:24:37,中立
_--_-火鸡味锅巴-_--_,沙县小吃：鸡腿饭15元。 雷米：米饭+鸡腿+青菜+香干+卤蛋+免费各种调味料+空调+餐巾纸+筷子+小碗+地板+水+天然气+桌子+椅子+味精+鸡精+盐+地沟油+耗油+十三香+油烟机+人工+电费，一起只要15元哦![doge],5,2025-11-07 15:54:59,支持
动心轩,去救人的才惨，硬生生看着人没了，心里阴影挺大的，有点心软甚至会一直想怎么没救下来,7,2025-10-16 04:59:57,支持
恒楚小霸王,就算他酒驾了，该不该救？他就该活活被烧死？整个事件就是电池不过关这么快就爆燃了，没有给救援人员更多时间。 车门没有做机械机构，导致全车断电无法开门，当车窗敲开的时候，车爆燃了根本没时间来救人了。这不是偶然，这就是设计问题。现在都只敢说酒驾？只字不敢提门的问题。如果不召回升级，我看看下一个受害者又是谁。,61,2025-10-15 20:25:22,支持
木于每,人是傻叉，酒后驾驶，飙车，但车门打不开，自燃，这就车问题,33,2025-10-16 12:59:14,支持
-彩-虹-桥,点不了赞，救人的小伙子们号都被封了[笑哭],4,2025-10-16 12:59:38,中立
丶小抽,超哥求生欲极强[笑哭][笑哭][笑哭],2,2025-10-17 18:45:06,中立
Q顺通,小米出问题赖所有车企？,1,2025-10-17 07:29:24,支持
czarzoe,酒驾，审判他的应该是司法机关，而不是车门,4,2025-10-16 14:55:09,支持
小咪服务-维护雨田君,撞车后，小爱同学精准判断这个米粉是酒驾，为了不让他继续害人，下达指令严锁车门。,1168,2025-10-16 03:51:20,支持
游学者丶装茶,不建议普通人买小米，核心原因保险费普通人承受不住,8,2025-10-16 12:25:32,反对
Chiho_Lin,注重安全的车企都快被追求猎奇的车企挤压死了，比如沃尔沃[辣眼睛][辣眼睛][辣眼睛],2,2025-10-21 00:01:54,支持
I号C型驾驶员,5个大小伙子都没打开车门，小米车主有福了,2,2025-10-17 07:13:19,支持
-浮白,老老实实先买油车，等技术再成熟点再说,53,2025-10-17 00:31:11,反对
V酱不会轻易狗带,并非当场死亡，人还活着被活活烧死的,30,2025-10-17 17:51:58,反对
红烧肥狸,新录的，因为今天有新视频放出来了，门没有损坏也打不开，说白了就是微动车门的问题，但是超哥每次一说到小米的问题，一定要带一句别的新能源车有没有问题，求生欲拉满，说白了小米之所以成为热点，很重要的一点是他的销量遥遥领先，既然这样就没必要再说其他新能源车怎么怎么了，大大方方的承认车有问题就行了[doge],170,2025-10-15 20:18:16,支持
15年老号,[吃瓜],7,2025-10-18 20:31:58,中立
会飞的豆腐干,[OK],11,2025-10-16 08:47:23,中立
-FEDER-,雷大善人在机械开关和隐藏门把手选择了几毛钱一个的微动[笑哭],2,2025-10-17 07:52:14,反对
雨飘霖,真的是一台好车啊，米粉说200公里时速撞护栏的，200公里A柱都没变形，强，无敌,4,2025-10-16 00:03:40,支持
灵少LS,华和米都没逃过电门断电打不开[笑哭],4,2025-10-16 20:03:09,中立
通不认,纯电车门要不得,2,2025-10-17 21:17:53,反对
刘幺幺你大爷的,路上开车也要远离小米，万一碰他车了，本来是个普通交通事故三责险就赔了，但是遇到小米起火打不开门把人烧死了，我是不是还得担刑事责任[微笑][微笑][微笑],2,2025-10-17 09:23:34,反对
千采笺,事儿教人一遍就会，五年内不碰小米产品,27,2025-10-15 22:51:51,中立
这是kkkk,我有亲戚买的小米，但我还是想说一点，小米的用户画像很清晰，就是速度与激情，二十万到三十万的高马力跑车形态只此一家。 大马力不加控制的车速，不太拔尖的操控性能，加上特殊用户画像，铸成了悲剧，死的就是等红绿灯总是看别的车不爽的人，也该是这些人死，因为老老实实开车的人，命不该绝,7,2025-10-20 18:42:36,支持
掠水989,撞击速度200码，你叫超人来都要吐两口血,2,2025-10-17 19:08:07,中立
mynarutom,这个价位段好像只有小米跟特斯拉是这样的,87,2025-10-17 10:00:00,支持
改名小H,su7u是双层夹胶没专业设备很难砸。,3,2025-10-17 11:37:53,支持
papopipopa,你吼那么大声干嘛,1,2025-10-24 05:50:43,中立
贴纸塔可,弹幕能再唐一点吗，涉嫌酒驾基本就是确定了，在收集能一锤定音的证据,1,2025-10-26 18:32:48,支持
油腻的湿姐你在哪里,那么问题来了，小米在此次事故中多了一个骨灰级粉丝，还是少了一位骨灰级粉丝？,2,2025-10-17 19:34:14,支持
你在赣森么呢,车主的死活我们不关心，自己的认知买的东西，死多少都无所谓。我们关心的是有没有伤及到无辜的路人，那个帮忙撞车门的人手肘有没有很严重等等[喽桑-故乡的撒库拉开了2.0_哭喽],18,2025-10-16 01:03:39,支持
子皿九日,很多人没车不了解，现在大部分新能源车都只是隐藏了门把手，注意只是隐藏了门把手，开启依然是纯机械的，你是真的是需要去拉动门把手带动机械连接解锁才能打开门的，区别只是门把手有电动收起和弹出功能（没有电的时候可以手动扣出来，也有些车出厂就没有电动弹出机构，需要一直手动扣出来，比如特斯拉和零跑）。像小米这种纯电子开关的是非常少见的，小米这种属于是取消了门把手，用开关代替了，本质上跟车门上放个按钮没啥区别。,6,2025-10-16 21:12:12,支持
别致丶呀,不是驾驶员的问题，也不是车的问题，是我的问题,2,2025-10-17 11:32:52,支持
惊蛰yun,本把手这点还是byd跟吉利做的让人舒服，吉利银河虽然转电了但是还是保留机械的，看着就舒服，车门把手要有把手，看到那种隐形的就搞笑又丑又不安全，就为了那么点风阻,2,2025-10-16 11:43:16,反对
繁馨赞美诗,磷酸铁锂就是比三元锂安全，比亚迪汽车电池包被井盖撞进去都不烧，换成三元锂肯定不行。很多人说高端车用的都是三元锂，所以就能推论三元锂=高端吗？这得打个问号。至少在家用车上，磷酸铁锂就是安全。,131,2025-10-16 09:24:18,反对
偶倍奇零SAMA,怎么死的不是重点，重点是暴露了新能源市场的哪些问题，国标与行标有待完善的地方，而且国标是最低标准，正常最便宜的电车就超过这个标准好多，大几十万的内部行标应该是远超国标的。以及智能一体化真的可以取代传统机械化吗，如果不为了打价格战而减配，将原有的机械操作结构保留是不是更合适一点,5,2025-10-17 10:43:10,支持
心碎只为伊人-1043,喝酒是驾驶员的不负责 他理所应当要付出责任 但驾驶员已经付出了生命的代价这合理吗？合理是因为撞车当场撞死的吗？ 不合理是因为车没能保护乘员安全 安全带加上气囊是如同虚设吗？车型所称的堆料和设计呢？撞击后的断电导致车门无法正常解锁是正常的嘛？我都不理解了明明一个简单的动作能使用机械解释的定西为什么车企还要煞费苦心去设计 开模 布线等等装配这种他们觉得很有调性和豪华感设计感的开关呢？我很佩服现在国产新势力的崛起 但是我们不能容忍你们在大众看不到的地方偷工减料 画蛇添足的装配消费者根本用不上的东西 注重安全 注重实用 注重实践 产品不是用广告和发布会铺天盖地就能赢得人心和市场的！！！,2,2025-10-17 00:59:42,支持
d鲨鱼辣椒b,笑死，备用蓄电池直接撞掉了，门按了也没反应，相当于电脑没开机的，搁哪儿鼠标狂按,10,2025-10-17 11:11:49,支持
超想转职的职业路人,喝酒固然是愿意之一，但我觉得一撞就着火应该不是肚子里酒喷出来导致的[脱单doge],1,2025-10-25 01:18:38,支持
两斤-栗子,小米热度还是高，山东聊城同样酒驾，伤亡掺重没人讨论,12,2025-10-16 07:56:17,支持
BlueArchive_调月莉音,安全才是最大的豪华，前有油车沃尔沃，后有电车比亚迪,39,2025-10-16 07:53:41,支持
Y徐福姬Y,我不允许你们抹黑小米，不允许你们任何人说它!😡 小米最早出现于中国北方黄河流域，为“五谷”之一，是我国传统的粮食作物，营养价值丰富，富含蛋白质、叶酸、维生素E、类胡萝卜素、硒等营养成分，有助于增强免疫力和促进新陈代谢；富含膳食纤维，可促进消化，预防便秘。并且具有健脾和胃、滋阴养血、清热解毒的功效，常用于调理脾胃虚弱、消化不良等症状。,10,2025-10-16 12:08:47,支持
带着我的祝福-滚,现在听小米su7一堆事，怎么和理想一样，各有各的画风,11,2025-10-16 15:14:34,支持
彩虹GAP,以后会不会有这种人 给另一半买高额意外险 再送一辆XX车给对方[思考],45,2025-10-15 20:52:28,支持
比噗JoNes,我怕我这个滴酒不沾的人，哪天因为车子问题趋势了后被冠于一个涉嫌酒后驾驶怎么办[大哭][思考],23,2025-10-16 18:01:48,支持
尊师孙笑川实名制认证,现在打网约车就没有一个款我会开门的 每次都得问司机 丢死人了 最极端的一款就是个面包车款式的后排踏马的直接没有开门开关 是个侧滑门 需要司机亲自打开才行[笑哭],27,2025-10-17 12:47:05,支持
梦梦娜娜菈菈,既然都喝酒了，那还说啥呀？亖了就亖了呗，对别人不负责，对自己也不负责。,1,2025-10-18 12:46:19,反对
瓶子_musechn的柿子之争,小米汽车的车辆故障是驾驶员喝酒导致的[doge_金箍],4,2025-10-15 20:34:04,支持
我尼不是软脚虾,电子门把手应该属于减配吧，机械结构门把手材料寿命要求应该会更高,13,2025-10-18 00:40:44,反对
很是可爱,看到告诉限速，就想到累总不是还建议国内一些道路解除/放宽限速，说什么有利于赛车文化[吃瓜],13,2025-10-15 22:24:36,支持
魔鬼那椒,国标归国标，这个车一撞就燃了,13,2025-10-16 13:22:29,反对
永远单推加藤惠,烧两次了，第一次没有调查结果，这次会有吗[微笑],5,2025-10-16 11:14:51,支持
佘侈Oi,《气囊弹没弹出来？》《为啥门打不开？》[滑稽][doge],2,2025-10-16 12:54:05,反对
-xxxibgdrgn_,@曾多次婉拒吴世勋 @阿西ba啊啊啊 又有事故？,4,2025-10-16 11:38:22,支持
吾辈敲可爱,怕死所以我选沃尔沃[2233娘_耶],3,2025-10-16 01:22:55,中立
幽弦烟花君,喝车不开酒！,4,2025-10-15 20:29:04,反对
Octokuro,门为什么打不开？,64,2025-10-18 10:47:51,反对
He119,详解个der!,1,2025-10-17 01:31:50,中立
在你隔壁的王叔,喝酒是我的事啊 但是你车不能着火啊[跪了],2,2025-10-17 16:32:37,支持
卡密临死前,车也喝酒了。所以门打不开。[滑稽],2,2025-10-16 16:38:37,中立
风雪雪只能这样了,这车牌号加上这事就很玄学,8,2025-10-15 23:03:31,中立
zx_llc001,酒驾是起因，门打不开是死因,1,2025-10-20 23:15:57,反对
あぃ萝莉,其实可以和奥迪一样，门把手拉轻一点是电弹开，重一点就是机械开门,89,2025-10-16 04:52:24,反对
StephenW-GT4,酒驾+大电机+把手设计,1,2025-10-15 20:04:56,反对
一枝七七丶,大家不要以身质检😭活着不好吗,1,2025-10-17 21:04:36,中立
5档手动,这么多新国标，只证明一件事，这些技术都太不成熟。油车依然是稳定可靠的。纯电，需要时间,2,2025-10-16 23:09:02,中立
清蒸鱼摆摆,速度超过 120 公里每小时出车祸任何主被动安全系统都没办法保证驾驶员及乘客的生命安全，区别在于东一块西一块还是一坨的区别，所以生命在于足下，严打酒后驾车，汽车行业需要整顿和规范！汽车只是一个工具，人才是最重要的因素！,3,2025-10-17 11:16:51,支持
田里种飞龙,车门一定要能开,5,2025-10-16 12:26:17,反对
断桨-,绿化带是骨灰级米粉的升级点,2,2025-10-16 03:26:54,支持
雁过拔毛的社会,这视频没被OTA,9,2025-10-15 20:43:52,支持
猫咪老师WS,新国标赶紧推行吧，现在问题太大了，我感觉只说门把手的问题，都有三个 一是机械结构的问题，必须得强制要求车企配备机械结构，不说多的四个门至少一个门有机械结构，这很合理，至少保证发生车祸断电了，车门可以不依靠小电瓶打开 第二就是自动落锁的机制，太不合理了，自动落锁本来应该是防止副驾后座乘客强行打开车门设计的，本来为了安全，现在却成了要人命的东西，既然做不到碰撞后百分之百解锁，那不如设计成主驾机械按钮落锁，逻辑就是行驶之后副驾后座自动落锁，主驾司机可以根据习惯，选择性落锁或者不落锁，因为一般主驾不会作死，在行驶过程中解锁打开车门，一直保持非落锁状态可能会更好 还有就是隐藏式门把手的问题，就不多说了,24,2025-10-16 17:13:10,支持
蓿夜君总是如此慵懒,深度分析了啥啊，说一堆都知道的。车速都分析不明白。这车先发生碰撞，但从影像资料来看车身相当完整。然后是横越绿化带，天府大道的绿化带不低啊，没有足够的车速肯定就被拦在绿化带了。 跟那种标题党“想告诉你有关xxx的一切”一样，你聊的明白一切吗，聊的明白深度分析吗🤔,1,2025-10-16 14:02:10,支持
难过就喝茶,总结一个，喝车不开酒，开酒不喝车；至于车有没有问题，买都买了，听天由命吧，就看车企有没有责任心了[嗑瓜子][吃瓜],10,2025-10-16 12:36:30,中立
买瑞克也用券,事实上网络清晰的视频来看，车门都没收到撞击，根本没变形，离谱的就是这个，从外打不开，从内都打不开,3,2025-10-16 19:44:40,支持
莫失莫忘情,150的速度撞击，前后车牌无变形，车身四个门框无变形，这车子用的振金造的,5,2025-10-16 13:18:49,支持
东边小老虎,一堆废话，实话不敢讲[doge],1,2025-10-16 11:06:22,反对
二十四文鱼141,一惊一乍 太吵了[笑哭],1,2025-10-18 21:31:12,中立
传奇选手孙殿军,保时捷给隐藏门把手加机械开关（992），保时米给非隐藏门把手阉割机械开关[笑哭]。这种设计风格，在涉及生命安全的东西上买小米，我只能说这辈子有了。,21,2025-10-15 23:41:01,支持
寸劲开脑壳er,半年前那破事就别说了，纯纯驾驶员的错,1,2025-10-17 08:17:00,支持
BonBonShit,酒驾的事故，非要扯车门打不开。你酒驾就是违法，醉驾就是犯罪，人家小米不设计外侧机械门把手不违法甚至不违规。真不知道一直在扯什么（本人开破烂凯美瑞，非米粉）,1,2025-10-17 10:28:31,支持
诡秘魔法师,那些开车非要喝酒的人，脑子是怎么想的。 这么喜欢死亡吗，叫个代价不行吗？,1,2025-10-17 01:55:19,支持
夕木森,这种人出事 就是人的问题,1,2025-10-17 22:42:44,支持
松仔爱加班,四轮学学新国标电自吧,2,2025-10-15 20:52:18,中立
墨小橘子,撞死的前盖没有严重变形，安全气囊没开，车门是救人着现场打碎的，当然我没说车的问题哈（米粉别骂我）这人要是不喝酒就没那些事了，不喝酒哪有那些事，不喝酒肯定不会超速，肯定是40码形式。,2,2025-10-16 12:08:13,支持
风声和丽,不完全统计,6,2025-10-16 12:57:22,反对
199588686,太帅咯,4,2025-10-19 00:57:22,中立
想给努力的人点个赞,有一句老话，得于斯着毁于斯。小米用营销用流量做出来的成绩，必然引来流量的关注。为什么别的车出事故没这么大的影响，就是这个原因,2,2025-10-17 09:02:58,支持
我心青狂-,小米su7本身就有很多设计缺陷，用做手机的思维来做车，乐了。[doge],21,2025-10-16 09:07:52,支持
单手嘿嘿嘿,至少车门没变形的情况下打不开 就是大问题 隐藏门把手追求个低风阻忽略安全性 罪该万死,3,2025-10-16 10:12:02,支持
墨莫陌陌沫,黑子还是两头堵，一百多公里速度翻滚车门不形变=质量真好。形变=与车无关。 今天结果出来了，车门还是形变了，但是我真佩服这比玻璃，都翻滚这样了，玻璃还不破。[吃瓜],1,2025-10-17 04:54:33,反对
好汉饶命口丫,大胆！,4,2025-10-16 04:34:19,中立
希望有梦和星辰,牢翔哭了，早知道就不多此一举了[笑哭],2,2025-10-16 11:04:16,反对
去靶壕看看我打几靶,门把手一定要能开门！,2,2025-10-15 22:39:40,反对
萧弦亮,怎么多了六分钟,64,2025-10-15 20:00:56,中立
震惊小笼包,过年回老家村里我曾经喝了酒去把车挪到院里，我是半斤多的量，当时就喝了二两，就能明显感觉脚下没轻没重，感官也不灵敏，所以你就能明白为什么酒驾都超速，我还没醉踩油门就一脚深一脚浅，喝醉了他知道个屁啊，真的是喝酒别开车,3,2025-10-17 21:50:39,支持
JulyZergling,喜欢买三元锂,1,2025-10-26 14:14:25,反对
风心道士,原因：真把小米当跑车玩了,7,2025-10-19 21:37:42,支持
无语了对你来说的,简单的来说人肯定有问题，这点没办法改变。而且是最大的问题。然后车也有问题最重要就是门打不开。这个车你们必须要改一下了。,1,2025-10-19 13:07:34,支持
余味勇闯无人区,新的来了～,4,2025-10-17 17:57:40,支持
Lee_Yep,人的问题是成因，车的问题是死因[OK] 所以车企责任更大,1,2025-10-18 17:28:31,支持
看啥动漫啊,作为一个汽车修理工科普一下，其实就算是机械外拉手，车内部没有解锁的情况下，外面也是怎么拉也拉不开的，这个时候什么机械还是微动都一样，物理隔绝了，所以也要考虑这方面的问题，是不是车辆事故之后车内落锁没有自动解除，这一点可以说大部分车子都没有,5,2025-10-18 04:56:40,支持
一只嗷_,我感觉市面上大多数电车都有这个毛病，并不是小米一家,27,2025-10-16 18:11:46,支持
井底很幸福,以前，欧洲和美国发明油车，是一些有钱人去做实验数据的，但是我们这里，大部分都是平凡工作的人，没什么钱的人去产生数据,3,2025-10-16 17:03:45,支持
汉斯丶先生,还小米的破窗锤呢，别人买了，直接卡里面拿不出来了，而且也有小字，双层夹胶玻璃不适用,1,2025-10-20 20:01:21,支持
集中输,既不认为是小米的问题，也不认为开200码的人有什么好救的，就像我之前认为深夜开智驾是活该一样，成年人，做出自己的选择就要付出代价啊，我开了十几年车，路上认为他应该付出代价的人每天都有，和小米不小米关系大吗？等待官方出一个品牌事故率,8,2025-10-15 23:44:17,支持
雷军万万岁,车灯都没撞坏，速度200？[滑稽]坦克都做不到,34,2025-10-16 06:48:52,支持
平底锅伦伦酱,首先说明我不是米粉，但是就淡村这个事故和门把手设计没啥关系😓米车确实没有外机械结构，但其实你们看车辆燃烧时候双闪没有，小电瓶或者线路已经损坏导致车门没解锁。这情况你油车或者带机械结构的隐藏门把手一样打不开的，你们回去把小电瓶拔了试下就知道了[笑哭]后者只有在第一次碰撞小电瓶良好，车门解锁了，但是后因为二次碰撞或者燃烧导致车门电子按钮没电，才会打不开。我敢说超哥是懂得，但是他觉得没必要讲太清楚，讲清楚就没啥流量了[doge_金箍],15,2025-10-17 12:39:59,支持
PPURSU11,电车建议买特斯拉。不是崇洋媚外。 因为特斯拉发展多少年了，车型都迭代多少代了。汽车安全性不是只靠商家的碰撞测试就能下定论的。而是需要大量的实车上路，用年限堆出来。 就像电脑杀毒软件一样，90％的杀毒软件都是只能防已经存在且知晓的病毒。如果有新病毒入侵电脑，就只能先让病毒感染电脑，然后软件再更新。之后就可以识别这种新型病毒了。 这就和车一样，上路暴露一个问题，车企就解决一个问题，修正缺点。并不是说国产车不好，而是因为像小米这种才出来2年的汽车品牌。交付1年不到，实车反馈太少。 大学学过概率论的都知道，数理统计是基于大样本的。对于汽车来说，大样本就是多年用户实车体验所暴露出来的缺点，以及比友商的优点。 我们希望国产车越来越好，但不能护犊子。难道我推荐特斯拉，它就不会出事故吗？当然不是。但是他暴露的毛病越多，改正的机会就越多。用户风险就会低一些。这是我的一贯看法。,1,2025-10-17 12:15:39,支持
克利夫兰诊所,还有超速这个事，今年过年那会网络上剪辑拼接的视频特别多，误导大众以为国家要整治龟速车（实际上但凡有点脑子都能想明白国家永远都不可能整治龟速车）都是统一骂龟速的，没有人骂超速，也有很多视频说马路上的牌子的意思是最低限速不是最高限速，以及120的速度上高速就没资格上快车道，快车道没个160就是在浪费别人的生命等等的，我只能说有些司机自己还是注意一下自己的嘴脸吧，都是考过驾驶证的人自己想开快车就别出来哄骗别人送死了,5,2025-10-17 23:59:42,支持
金杰又TM活了,你宣传你的车是高性能车，能比肩保时捷，超越 bba，那么你最好真的给你的用户一辆能能在各个方面都比肩保时捷的高性能车，而不是只有动力，因为你的用户真的会把它当保时捷开，迟早会被反噬的,5,2025-10-18 02:11:11,支持
澈澈ashesandwine,经常看@飞行砖家王机长 的空难讲解，航空安全建立在每一次事故的经验教训上，航空人在每一次事故后砥砺前行。换到地面交通也是一样，飞机有驾驶舱资源管理，汽车也要有资源管理，说明书要涵盖到本型号本配置的每一个按钮每一个暗格每一个功能，而不是在发售会上装逼只讲亮点。人类进步的动力之一是装逼，装逼是霸道，一直装逼才是王道。谁都眼馋管家贾维斯,5,2025-10-15 23:19:05,支持
我叫抠脚大汉这样,这一条路从天府一街到爱琴海广场一直没限速，凌晨轰油门的吵死了,5,2025-10-16 03:57:44,支持
普通市民1919,小米一造车[doge_金箍]国家多了不少强制标准,3,2025-10-16 12:21:39,支持
阿宝的找回账号,车灯都看起来完整,2,2025-10-15 20:46:45,中立
森林木棍备考版,做车是需要时间沉淀的，不是说你天天的做别的今天忽然想着做车就可以超越所有人的,2,2025-10-16 11:14:52,支持
あ私欲,现在别买新能源，非要买买老牌车企的，这种新星之秀让它沉淀一段时间再考虑吧[笑哭]别看网上的评价，哪有什么出道即巅峰啊[笑哭]谁真信那也是无敌了[笑哭],2,2025-10-16 18:13:45,支持
小强灰灰,哥 桌子上要不放个惊堂木[喜极而泣],4,2025-10-16 06:53:34,中立
不必追i,su7应该尽快在车外门把手加上机械装置,2,2025-10-16 12:05:16,反对
mgzcbl,好吵啊你,1,2025-10-23 07:38:26,支持
中二病晚期的彧竹,即使是酒驾也就是违法吧，醉驾才入刑，即使入刑也是一到六个月，甚至有概率是缓刑然后社区矫正（前提 在不造成交通安全事故下），简而言之，就是罪不至死。撞击后，车门打不开，然后被烧死难道不是车的问题最大？作为一款二十五到六十万区间的高端车，居然连安全都保障不了，这不难道不是笑话？电车在发生事故后会起火，这一担忧从电车问世至今一直被广泛讨论，难道造车的车企不知道这一方面的隐患吗？如果知晓，那为什么不配机械把手，不多装几个低压电池，不去完善车门在紧急情况下的开关功能呢？这种不负责任的行为说难听点不就是视人命为草芥吗？,2,2025-10-23 16:32:49,支持
悠哉笑颜pri,有待官方调查得出结论？安徽高速事件半年过去了等到结论了吗？ 你说国家强制召回辅助驾驶系统了？那不是雷大善人的秋季ota大更新么[doge],1,2025-10-17 23:47:40,支持
Tyrand暗,但凡是个油车驾驶员这么多前缀都不会有这个新闻,1,2025-10-18 14:18:46,支持
善良的飼養員,下一条雷总登场狡辩[doge_金箍],1,2025-10-16 22:12:02,支持
无名oO居士Oo,交通事故，人的责任。车门打不开，把人尸体直接给火化了，车的责任。,1,2025-10-18 11:42:11,反对
汪汪队立大功115,酒驾是导致事故的原因（人的原因），但不是直接致死的原因，导致Sw的原因是车辆起火和打不开门（车的原因）！如果车子能开门或者按国标不起火，这条生命还能保住。,3,2025-10-16 23:24:42,支持
丨-叫我未来就好-丨,如果气囊没弹是正常的，说明撞击并不猛烈但电池起火了车门打不开，说明有安全隐患。 如果撞击猛烈导致车门变形打不开电池起火，但是气囊没弹出来，还是说明有安全隐患。 左右脑互搏了，看看能不能出来个统一话术,33,2025-10-17 05:24:53,反对
哈2727jjjjjjjjs,最简单的方法，就是把su7U卖200万，对标taycantgt。因为至少目前我的世界观来看，越有钱的人越惜命，越有钱的人素质越高。而50万的售价加上不错的分期价格，让很多心智不成熟的精神小伙有了可乘之机。让这一群心智不成熟的人开上一个1500匹马力、纽北接近sub7的性能怪兽，难以想象，简直太危险了。,7,2025-10-18 14:35:43,支持
大口吃米飯,还有更牛逼的车企，你找吧[doge],10,2025-10-18 00:16:27,支持
大新z,最后一段 弹幕说是求生欲的 这明明就是事实 上面给电车多少支持 没有上面支持 电车再发展十年也达不到现在的高度,2,2025-10-17 19:13:52,支持
骟人香蕉猴爱吃,之前的视频被ota了吗？,45,2025-10-15 20:05:11,支持
天天debug的小白,人都烧没了，怎么鉴定“涉嫌酒后驾驶”？那么大的火酒精早就随着人体烧挥发了吧,1,2025-10-18 03:58:19,反对
薄荷味温茶,好多车都可以打开，试了下比亚迪的车，虽然是隐藏，但是是机械结构，断电也能打开,3,2025-10-15 20:40:24,支持
山梨丶酸钾,电车加速太快 很多人根本没有开大马力车的经验和能力 而且电车轮胎为了省电是做的拉中拉,4,2025-10-16 11:05:47,支持
龍恩浩荡,智能汽车，应该根据位置，限制车速，高速120，市区80,2,2025-10-16 21:25:51,中立
夜未央_歌亦未央,米粉，为发烧而生,2,2025-10-18 11:31:18,支持
一念潮水平,千亿补贴持续发力[doge]，不说经常ota那家，多看看每日车祸视频，看看一天走了多少人，还得是米有热度，不知道还以为小米车卖了几千万台了，到处是车主,1,2025-10-18 00:30:48,支持
粉红毛毛裤,这个事上，比起门，电，气囊啥的各种问题，我觉得还是酒驾醉驾，人的问题[笑哭]，喝饱了开车，神仙难救[笑哭]。,17,2025-10-16 07:49:22,支持
独酌清香,你居然没有被投诉下架。我就问司机直接火化，是不是实事求是，有没有断章取义？,1,2025-10-31 12:02:17,支持
刘可乐不听话,试过，拳头砸不开，肾上腺素爆发也不行，最好找个尖锐的硬物[笑哭]。,4,2025-10-16 09:48:52,支持
说过丶爱你,没办法，事已经出了，实在给太多了，只能涉嫌酒驾[doge],1,2025-10-16 11:48:10,支持
_难眠___,车门不装机械锁能没问题吗[藏狐] 全特么电子锁,2,2025-10-16 03:47:56,支持
正太拾贰,没喝酒也得说成喝酒了，就算是公关花钱砸也得砸出酒驾来。如果不变相推责任。小米车不得凉透了嘛！普通人跟资本没办法抗衡！要么油车要么特斯拉吧！,4,2025-10-17 00:23:38,支持
Nishuozs,三元锂的电芯别想他安全到哪去，单个电芯稍微一扎立马爆燃,3,2025-10-17 23:51:05,中立
亚索等你我在等风,酒驾刑法会给他惩罚，而不是电子门把手,2,2025-10-18 21:21:34,支持
龙晶风味大善人,累总又去健身了,5,2025-10-19 13:16:43,支持
齐天大善,你不要号啦,0,2025-10-19 21:25:56,反对
心灵修叔,现在有些车把机械把手做成拉线藏在储物格里还带盖子盖上，请问这是给人用呢还是给人用呢。,0,2025-10-19 21:17:25,反对
AI丷以相,听说电池有防弹材料包裹的，防弹西瓜从5楼扔下去都没裂开,0,2025-10-19 21:16:00,支持
lpzhawei,150以上基本活不了,0,2025-10-19 19:41:35,中立
lpzhawei,人的问题,0,2025-10-19 19:40:03,支持
雨晨沧海,车型定向客户,0,2025-10-19 19:19:52,中立
丶Starseeker,安全只有弹幕看的那么重要，那卖的好的应该是volvo[喜极而泣],0,2025-10-19 18:52:57,支持
凡人李季,对于车企，如果出了事故基本上都要掉股价的太难了,0,2025-10-19 18:28:47,支持
我一定要活五十亿年,半隐藏才是最好的。,0,2025-10-19 18:09:23,支持
米圣十一,怎么老是你 好欧德啊幼？,0,2025-10-19 16:40:25,支持
快乐的BBV,车的问题跟人的问题要分开看,0,2025-10-19 13:01:43,支持
69930484139_bili,劳斯莱斯闪灵不评价一下？,0,2025-10-19 12:53:30,反对
梦回饭前,这哥们三观太正了，虽然他说的有的事情有点想当然，有点极端。但是说实话看视频要带脑子。带着脑子看他说的事情能从其中看到很多有用的东西,0,2025-10-19 12:01:28,支持
三百张大饼,某些人去年m7可不是这么说的,0,2025-10-19 03:01:12,支持
uglutomato,律师函,0,2025-10-18 23:46:20,中立
清醒无情,都是一个问题，门打不开,0,2025-10-18 23:32:07,支持
蹦跶白兔子,因为电池硬，所以支持电池的钢板都省了，直接坐在电池上开啊，电池上就隔了一层隔音棉，连个底盘都没有的玩意,0,2025-10-18 21:40:09,支持
肥肥肥鯮,就问你快不快吧,0,2025-10-18 21:08:00,支持
RD35IGN,车本来就有问题,0,2025-10-18 17:15:32,支持
汉堡宝IN悉尼,超哥，你去做新能源车，我第一个买[支持],0,2025-10-18 16:59:54,支持
轨轨你可真是个人才啊,分析一下成都问界m8呀,0,2025-10-18 15:35:04,中立
DXC工作室,车门为什么打不开？只能说小米的玻璃比问界硬[doge_金箍],0,2025-10-18 13:10:30,支持
Asuka_yy,点进来之前-「详解」，点进来之后-「不知道」,0,2025-10-18 10:48:54,反对
梵高大鬧天宮,小米：你直接打我名字得了,0,2025-10-18 10:42:06,支持
GGZETA,隐藏门把手且外部没有机械式开关的车我不会考虑,0,2025-10-18 10:37:46,支持
50路906872,我哥就是今天酒驾被抓了，只想着开到大路上让她爱人开，结果一转弯就遇到查酒驾的了,0,2025-10-18 04:27:03,支持
狐舒宝灬,说再多也无用，都是一样喝酒一样开车[滑稽],0,2025-10-18 03:23:54,支持
超人爱吃瓜,就说一句:十年内别买电车，等迭代稳定了再买。,0,2025-10-18 02:47:34,反对
大蛋队长,这国标跟闹着玩似的,0,2025-10-18 02:53:13,中立
没昵称balabala,竟然有人觉得这人死了很可惜，酒驾飙车死有余辜大快人心了只能说[OK][OK]，这幸亏是追尾把自己害死了，撞到人就是前几天聊城那个惨案了,0,2025-10-18 02:32:47,中立
温柔不给爱情,极氪汽车出事就可以自动打开车门，这个技术学不会？,0,2025-10-18 00:59:21,反对
q哲学与人生q,200公里车身那么完整厉害了,0,2025-10-18 00:35:05,中立
假少爷,信国标要求速度了吗？？国标要求的是任何速度下吗？,0,2025-10-18 00:20:30,支持
艾萌嗷呜,和商人讲良心[doge],0,2025-10-18 00:11:15,中立
周瑜看小桥流水_,目前好像没有直接说明机械钥匙必须存在的国标，但是有佐证 我记得有个大概叫 汽车防盗系统的 里面表明说，汽车必须具备 1，人工手动可搬动的结构来打开车门 2，该结构无需电力供应也能运行 大概是这样,0,2025-10-18 00:03:34,支持
jjzz67,树大招风，换其他车啥事没有。,0,2025-10-17 23:55:02,支持
安追爱咪根,三观好正,0,2025-10-17 22:56:32,支持
风流倜傥曹孟德,有一次在我家附近，一天之内在同一个地方，两辆电车磕到底盘电池包受损导致爆燃，司机都差点没逃出来，都上了我们当地新闻,0,2025-10-17 22:48:48,支持
凸霸波尔蹦凸,都有问题。。。,0,2025-10-17 22:11:01,支持
皆为虚妄_,[妙啊],0,2025-10-17 22:05:19,中立
谁又关心谁,还好驾驶员没受伤,0,2025-10-17 21:20:12,支持
每天记得喝4杯水,有，我四驱的都经历过打滑，真的吓人,0,2025-10-17 21:21:47,支持
于北辰将军,前大灯没碎，车头没有溃缩，机盖完整，ab柱没有形变，安全气囊没弹，应该是车连续翻滚直到停下，这人在车内晃得都似了。,0,2025-10-17 21:16:55,支持
彃哩彃哩彈幕網,人的问题和车无关,0,2025-10-17 21:12:33,支持
申鹤我名字哪里不宜,买油车就完事了,0,2025-10-17 20:56:00,反对
祥瑞饕餮,门打不开和起火，跟他喝不喝酒超速不超速没啥关系,0,2025-10-17 19:29:19,反对
weiyiyier,三个女孩那次车门是没打开的吧，我看网上残骸照片车门确实是关着的,0,2025-10-17 19:22:16,支持
苏州热成狗,捞一捞丝法官的事情吧，大多数人已经忘了,0,2025-10-17 19:07:33,支持
迪拜古天乐,雷老板都学学，人家坐车这一行不到特别重大问题的民众都看不到的[doge]你不去取取经,0,2025-10-17 18:59:14,支持
花花华华和瓜瓜,不对啊，怎么小米汽车出事就收不到短信呢,0,2025-10-17 18:53:41,中立
老师呀我太想进步了,这不得买个der啊？,0,2025-10-17 18:31:55,中立
鸽深入耳,我想两个问题，哪位有脑子的来回答下。 第一个，小米车所有的车祸加起来有多少？这里面有几例是打不开门的？有几例是起火的？如果只有少量的起火和打不开门，有没有可能就只是个概率问题？ 第二个，这个地球上有哪家车企（包括油车车企）敢打包票他们的车出车祸车门一定能打开？一定不会起火？如果不敢保证是不是就是设计有问题？,0,2025-10-17 18:10:35,支持
41885335658_bili,敬畏速度≠龟速,0,2025-10-17 18:09:36,中立
神秘奶,车也有问题。门玻璃质量太好了了。建议换成塑料的,0,2025-10-17 17:54:02,支持
人间gai溜子_,后面背景布是什么车,0,2025-10-17 17:41:19,支持
woshiwc007,还是蔚来好，至少安全[OK],0,2025-10-17 17:40:44,反对
MWDMZ,酒后驾驶也不至于把自己烧死吧？太燃了吧？[热],0,2025-10-17 17:39:28,反对
瓜西西大,因为小爱同学判定酒驾，所以电池直接爆炸车门焊死，没有复活的风险[难过][doge]（狗头保命）,0,2025-10-17 17:34:39,支持
葵海冰岛蕾哥,其实按我理解这种事就是他人把自己作死的。,0,2025-10-17 17:26:57,支持
Chin义无反顾,如果按照那个火势，人都碳化了怎么检测出酒驾？所以官方说涉嫌，给自己留了个梯子。,0,2025-10-17 17:23:04,支持
西瓜爱吃瓜XGACG,小米这个车，依然是两面性。对小米来说到处是好处。为什么说高端成了，当年有人要嘎腰子买iPhone，现在有人要盲贷买车，都是那帮精神小伙。哇，马力真的大。哇，真的帅。目标直指容易冲动消费的部分年轻人，特别是，半夜街头开鬼火的那一群。法治意识？交通安全意识？在他们看来那是个屁。车安不安全？他不懂也不关心。,0,2025-10-17 17:13:53,反对
恼人的绅士,有统计撞击时速100码，死亡率是99.99% 多半直接死里面了 。,0,2025-10-17 17:12:28,中立
微凉负氧不爱赶走,汽车像电瓶车那样，设计软件限速装置。并且底盘不许省略防撞钢板,0,2025-10-17 16:56:55,反对
别动我仙女姥姥,想找个游戏搭子什么游戏都可以，一起打打游戏，有时候一个人玩游戏太无聊了，友谊第一，游戏第二，开心娱乐就好,0,2025-10-17 16:15:28,中立
梦VS无限神奇,小米车要是卖的一般，网络就不会有那么多愚蠢的言论了,0,2025-10-17 16:13:56,支持
萌丶梦蝶,车门打不开是因为小电瓶撞出问题了，加上车门是全电开关，没有备用机械锁造成的吧，那么可以理解成任何没有机械锁的电车都会有这个安全隐患，我目前对电车还是没太多好感的,0,2025-10-17 16:10:29,支持
冰蓝霜冻,安全技术要求概括下来就是“车门把手要能开车门”…[热词系列_啊?],0,2025-10-17 15:51:44,反对
2个通辽汗国的市民,第一这个小米汽车的门把手是电动的。 第二网上说小米汽车的芯片是消费级的在某些情况下会故障。 第三小米汽车在一开始就是宣传汽车好看是第一位的，有视频采访雷军为证[笑哭]最近军开始提安全了。 第四，上次也是小米三月份还是四月份三个女大学生死亡也是车门打不开自燃，没几天上面就发文件整顿智驾了忽略了车门问题这次估计要整顿门的问题了。,0,2025-10-17 15:34:57,支持
海淀萨维卡斯,说得真好,0,2025-10-17 15:09:59,支持
菘霔,都烧了，还能查出酒驾，那很厉害了[冻鳗高手],0,2025-10-17 14:15:02,反对
怒米团,时至今日，衣食住行这四个字还是头等大事，搞不好会出事的,0,2025-10-17 13:15:38,支持
怒米团,超哥看事件三观真正，我也是一样的看法。,0,2025-10-17 12:58:17,支持
Mes_Amis,为啥用电子的？因为机械门把手贵[吃瓜],0,2025-10-17 12:27:15,中立
杪夏冰沝,水平是高啊，钱花的值,0,2025-10-17 12:25:55,支持
幻想第二大师,车门一定要能打开✍️,0,2025-10-17 12:17:35,反对
让蛋子再飞一会儿,超哥，听了你的节目，我便秘好了！给吓得。,0,2025-10-17 12:07:22,支持
一咬千刃花_,还好当时小米抢的人多，我懒得等，买了c,0,2025-10-17 11:51:02,支持
达拉斯发生,酒肉朋友，谁管你生死,0,2025-10-17 11:49:46,中立
轻舒云,经典,0,2025-10-17 11:45:38,中立
贰贰柒,su7ulrta作为小米最贵的车，配置也应该是最好的，我现在好奇的是，按照其中之一说法说车主严重超速到160，甚至有人说是200以上，那撞击同向车辆之后，又跨越绿化带飞到对向车道，整车结构还能保持的如此完整，安全气囊也没弹出，这是为什么？那如果速度没有那么快，理论上是不是属于触发aeb的范围之内，那aeb有没有触发呢？在车身结构如此完好的情况下，为什么电池烧的如此之快，为什么车门打不开呢？感觉这事情不管怎么想都全是疑点啊[辣眼睛],0,2025-10-17 11:38:38,支持
巨猾爱吃肉,可能因为车门也喝酒了，所以没打开,0,2025-10-17 11:24:10,支持
明日吃香瓜,最后一期了 且看且珍惜[保佑],0,2025-10-17 11:09:52,中立
东法岁,每项新规定都有教训，不过他们是规定的诱因，尝试新事物的代价而已,0,2025-10-17 10:53:36,支持
好运道VVVVV,所有车企应急开关都应该设置成大红色，显著,0,2025-10-17 10:18:39,反对
12431331,能省则省 是这样的[白荆回廊_期待],0,2025-10-17 09:54:20,支持
hold住,关键时刻门打不开就有问题，其他不说,0,2025-10-17 09:33:16,支持
风163,其实其他车企很多都是有机械结构的，只有小米没有，有也是在车内,0,2025-10-17 08:51:20,支持
犇烎,可以把车上的枕头卸下来，当锤子敲，用金属部分。,0,2025-10-17 07:56:26,支持
albb201707,你不知道。不敢说吧。啥也不说做什么自媒体,0,2025-10-17 06:06:33,反对
暮色沢,https://b23.tv/BV1Kc93YnEnt,0,2025-10-17 03:50:24,中立
浪漫永恒的Elysia,其实我感觉su7这种半隐藏门把手里面有微动开关，然后把手部分也是一个可以直接拉动的机械开关，这是我觉得门把手很完美的形态了。可惜它没有[吃瓜],0,2025-10-17 03:07:36,反对
冲满爱心,没关注车过，主要看些社会新闻，现在我这个圈外人对车的理解就只剩下电车和油车，还有小米车，特斯拉都好久没上新闻了，销声匿迹的我把它划到电车里面去,0,2025-10-17 01:55:03,支持
我妻八重樱,门把手一定要能开门,0,2025-10-17 01:47:18,反对
ku不出来,哎，结果就是车不好卖，死的是车企，车企肯定宁可死的人消费者，再花钱来解决问题咯。没有强有力的法规政策，没有监督，资本都会无序扩张的,0,2025-10-17 01:31:43,支持
诗和影,人没有丝毫的问题！撞击时车头完好，连车牌都完好。百分之一万是车的问题！,0,2025-10-17 00:58:12,支持
余身只为你,我喜欢油车[呲牙][呲牙][呲牙],0,2025-10-17 00:41:21,中立
炸楠哎呦嘻,小米的slogan好像就是为发烧而生吧。这真是少有的知行合一的企业了。,0,2025-10-17 00:22:06,支持
伏天的山顶风,超哥，你说的速度和安全第一这两点我用军儿的话来反驳你。军儿说速度是一样信仰，军儿说好看排在第一位。就这个意思吧。,0,2025-10-17 00:01:56,中立
L采薇南山,化学特性决定了三元锂活性更大,0,2025-10-16 23:44:56,中立
Bustonowhere,我的第一部手机就是小米4，后面关于小米的东西我都不会买。,0,2025-10-16 23:00:24,支持
北港Lacie,说实话家用车不不需要那么大马力那么快提速那么快冉少,0,2025-10-16 22:57:40,反对
括任洒,小米几个大案好像都没有结果。,0,2025-10-16 22:28:57,支持
Lem0N_4c1D,车头没烂，机盖几乎没变形，气囊没看出来爆，为什么会烧,0,2025-10-16 22:21:01,支持
烤肉大佬233,这车内起火，不是喝酒了吗，酒点着的呗[好猫坏猫都是猫_霸总思索],0,2025-10-16 22:21:11,支持
初生王中王,当年特斯拉也是这个待遇，过几年的小米你们求之不得,0,2025-10-16 22:10:00,支持
自由寧,为超哥强烈点赞！[支持][支持][支持],0,2025-10-16 22:09:05,支持
Maxyi7,安全驾驶是最关键的,0,2025-10-16 21:22:19,支持
就爱吃咸粽子,哥们，你什么时候能瘦到头像那样,0,2025-10-16 21:07:06,中立
霜QU,电池起火的话，看现场图片感觉撞击程度不够。应该是关键高压部件进水引起的。最近不是很多小米车主吐槽摄像头有水汽吗。我怀疑电池包防水做的不够好。,0,2025-10-16 21:05:35,支持
我是秦大大,酒驾，弄死自己，仅此而已。没撞到别人就是天大的好事。保不齐哪天撞到无辜的路人。这种人，法律没法制裁，只能天收。,0,2025-10-16 20:54:40,支持
执念不过尔尔,从刚开始造车就在吹它的门把手，一直在投流量,0,2025-10-16 20:49:58,支持
无情去旅行,那个地库朋友圈还有路上飙车那个视频能确定就是烧的那一辆吗？？,0,2025-10-16 20:40:29,中立
包豪斯校长,警方说是涉嫌，咋在你口里就是喝酒了呢？,0,2025-10-16 20:18:11,支持
净妙明,幸亏我摇不到号，买不起车,0,2025-10-16 20:15:45,支持
若我是猫,所以你这深度分析了啥,0,2025-10-16 20:08:46,中立
三块五毛QAQ,其实所有的问题归根结底就只有一点门把手的问题，如果门把手加入了机械结构而不是纯电动的，那小米在这件事情里面可以摘的一干二净，首先酒驾，然后超速，主责肯定是在司机身上，但是司机主责不代表他该死，如果车门是传统机械结构的，哪怕是因为形变而无法打开那也是物理学的问题，跟车子没关系，哪怕电池起火了，在这种车速下，你别说电车油车燃的视频也很多，在小米汽车上市之前就已经有不少因为门把手打不开而导致人命的事故，那小米还这么头铁的采用了纯电动的结构，现在出了事情被大家骂股价跳水就好好的受着。当然这件事情不止小米，还有其他一堆使用纯电动门把手的厂商，以后出了事被群起而攻之也是活该。,0,2025-10-16 19:46:40,支持
特里同i,这速度撞了打不开正常，但是踏马好像没看到安全气囊才是最骚的,0,2025-10-16 19:44:40,支持
望你眼睛有彩虹,我感觉车门打不开不全是电子门把手的问题吧，之前交通事故视频里好多门都打不开，当然肯定要考虑这些细节，才能更加安全。还有一看到起火的问题，我就想到了保罗沃克，大家还是要注意安全。,0,2025-10-16 19:24:32,支持
XRAY3701,语言表达满分啊😯,0,2025-10-16 19:11:30,中立
钱黑土,还没吃饱啊超哥,0,2025-10-16 18:59:51,支持
蔡小鱼0414,骨灰级米粉[doge_金箍],0,2025-10-16 18:59:27,中立
92岁在线性感,超哥，奇瑞风云T8 130豪华版 11.5万落地值得买吗,0,2025-10-16 18:50:00,反对
大暖也躁动,亏了是酒驾！这次雷总又逃过一劫[doge_金箍],0,2025-10-16 18:49:28,支持
艾莎女王_Elsa,有些东西就改用传统的设计，不要去过分追求什么技术创新。美国大选投票都坚持现场手写，然后人工计票，这都是有道理的,0,2025-10-16 18:37:05,支持
superfantong,雪某的问题[星星眼][星星眼][星星眼],0,2025-10-16 18:25:35,支持
布莱克曼114514,我还是喜欢以前的机械把手，遇见这种事只要车门没变形就算锁上了给玻璃敲碎打开锁也能开门,0,2025-10-16 18:06:50,支持
nickliljh,小问，小米内部没有机械备用把手吗？特斯拉前排的把手里头是可以直接朝上掰开的机械备用开关的，日常是按键，破窗里头一拉就得了. 有没有小米车主来说说？,0,2025-10-16 18:02:04,支持
随你牛,我开了接近10年车 开车途中没锁国车,0,2025-10-16 17:36:42,支持
大炮轰傻嘉,所以别买隐藏门把手,0,2025-10-16 17:36:26,反对
老乡牛来了,那咋了[doge_金箍],0,2025-10-16 17:15:03,中立
是吱吱诶_,车辆本身设计为了什么科技感已经留了很多安全隐患问题了。 电车油车不说，车门变形本来就不容易开门，如果车门变形的基础上再加上隐藏门把手，那不就是补刀么。 电车的技术提升的快，目前还做不到100%的绝对安全，油车这么多年了也做不到。 固态电池出现如果能避免电池成为起火点，或者避免电池成为助燃材料，那么受益最大的还是油电混的车(不是增程)，毕竟解决了油电混的纯电续航短的根本问题，里程数能翻一倍多，就晓得增程一无是处了[笑哭],0,2025-10-16 17:07:07,支持
ChrisJerico,都甩尾了还继续超速...恐怕平时经常甩尾都习惯了。一般人甩一次酒都吓醒了,0,2025-10-16 16:32:48,中立
流青,一般电机那里有拉链可以手动拉上去的,0,2025-10-16 16:14:01,支持
流青,因为很多只是直观的知道速度快危险，而不清楚没有意识加速度快也是危险的。超速是危险的，这是共识，而加速度快带来的超车快=安全是一部分人的共识,0,2025-10-16 16:12:23,支持
千千静听音乐,UP赶紧注册新号吧，马上号没了！,0,2025-10-16 15:45:35,支持
某某鑫灬,领克 10EMP 推荐吗,0,2025-10-16 15:41:10,中立
昵称只是装饰-,刚才看见一条弹幕说电池弹出技术的好处，那二百公里电池弹出和直接扔出去一个c4有什么区别？,0,2025-10-16 15:05:51,支持
凡眼观天下,电池倒置，门锁，这两个设计都有问题，有钱的车主抓紧换车，没钱换车的老实开80以下。,0,2025-10-16 14:54:50,支持
将将将将う,车祸人的问题，人死车的问题,0,2025-10-16 14:52:50,支持
Ryuzaki兹拉坦,我会临死前给自己点根烟享受最后的时光,0,2025-10-16 14:34:15,支持
reodoc,没祸害别人算不错了,0,2025-10-16 14:22:09,支持
凯哥死库水,我看着是越过绿化带，底盘刮到了，应该是刮到电池了吧，和撞击关系不大,0,2025-10-16 13:51:04,反对
零落山川丶Skiper,总结了米系产品诞生的过程：“借鉴”行业优秀案例——微改外观看起来高端——简化内部设计或材料节约成本——找“价优”代工厂生产组装——创新名词大力宣传“亮点”（同时小字规避法律风险）——公布价格“性价比高”直接卖爆。[doge][doge],0,2025-10-16 13:33:53,支持
簌素颜霜,“逼yd”的老总起码也是一直强调然后实战表现出来也的确可以，“长虫”别的不说安全这个方面做得的确不错的，“奇葩”表现的也可以。这些老品牌可能小毛有时候的确多但是大方向对于安全冗余的确做得不错。（为了避免某些极端粉丝喷我说的这几个品牌都应该能看懂吧？）,0,2025-10-16 13:26:16,支持
深红橙汁儿,没有无辜的路人伤亡已经谢天谢地了,0,2025-10-16 13:18:40,支持
蓝皮青蛙公子,雷总的东西只是个放大器,0,2025-10-16 13:08:13,支持
zoomXC,有些标准就是人命堆砌来的。明白了。这下我明白了。诶。,0,2025-10-16 13:05:57,支持
嗦尼罪恶滔天,第一步：人的问题路的问题绿化带问题积水的问题。 第二步：华为也这样 第三步：我们被友商黑惨了 第四步：累了憔悴了，忘了是谁的恩情让你们人人有手机用了吗？,0,2025-10-16 13:05:14,支持
亘古的记忆,这种开门是微动非机械的电车多吗 半数？,0,2025-10-16 13:00:42,中立
躺在地上装死,还好我的是北汽。外面是普通，里面是机械,0,2025-10-16 12:59:41,支持
胸无大志天地宽,自从小米出来，特斯拉事故都少了。,0,2025-10-16 12:59:22,支持
改名字得消耗6枚硬币,这不是人的问题吗？https://b23.tv/BV1JQ4vzUE4z 。救出来了，可能，，，,0,2025-10-16 12:58:30,支持
帝皇铠甲鬼笛,我60打不开车门就是正常 你200打不开车门就是车不好 花门,0,2025-10-16 12:55:19,反对
戏0如此完美,不要说电车了，油车跑这么快撞了，门也打不开。变形太严重，什么车都打不开,0,2025-10-16 12:55:23,反对
媛媛爱吃汤圆呀,不懂就问，发生碰撞之后车子能自动解锁吗[笑哭],0,2025-10-16 12:51:21,支持
默然与军书,他说话都一惊一乍的吗,0,2025-10-16 12:38:04,支持
痴魅望良,别说一千匹马力，我开190多马力的艾8，踩地板油，听着发动机的咆哮，心脏都咚咚的跳。那种感觉肾上腺素分泌的感觉太刺激了。,0,2025-10-16 12:26:58,支持
jnxnjxjxj,有理有据可以,0,2025-10-16 12:19:17,中立
自由如风IV,那那些没有门把手的呢？,0,2025-10-16 11:58:34,支持
果冻猪猪恶霸,这些人都是先驱者，致敬🫡,0,2025-10-16 12:00:08,反对
JeremyLau_,我的问题[委屈][委屈][委屈],0,2025-10-16 11:57:17,支持
LONG老板的小跟班,开车十来年了。我都不知道有应急开关。,0,2025-10-16 11:54:43,中立
是鳕鱼老师,出现事故，是人的问题。 但目前视频里来看致死，车恐怕有点需要考虑,0,2025-10-16 11:52:04,支持
空独有偶,还有一点电车完全比不了油车的东西 那就是经典,0,2025-10-16 11:50:33,支持
骨頭YE,遇到过,0,2025-10-16 11:49:15,中立
奥利安娜的魔偶,其实对我来说不用太区分人的问题和车的问题，很多乱开车的人喜欢选择这个牌子，那你见了不用管人还是车，避着点就行了,0,2025-10-16 11:43:26,支持
评论区の赛博高人,不喜欢电车，没有发动机咆哮的爽感,0,2025-10-16 11:40:06,中立
暮雨朝云几日归,据说现在全新的a5l好像出事了会弹出一个红色拉杆防止把手无法正常使用，具体我不清楚，但是感觉有这个功能还是不错的,0,2025-10-16 11:35:08,支持
V咁大滋V,看来1500多匹马力就是摆设,0,2025-10-16 11:29:40,中立
野原新の莇,好好的电车怎么就起火了呢！没开过电车不太懂这个解释下,0,2025-10-16 11:20:17,支持
YOU鬼迷日眼,买保险都送代驾的,0,2025-10-16 11:16:26,支持
王小皮R,一人一句小米市区[汤圆],0,2025-10-16 11:16:22,支持
YOU鬼迷日眼,十几亿人，管不了，没事,0,2025-10-16 11:13:20,反对
忍忍忍,那已经生产的这么多小米汽车咋办呢？不敢想,0,2025-10-16 11:12:29,支持
军子爱财-取之有盗,电子门断电打不开,0,2025-10-16 11:11:36,反对
Dikeyt-twth,老有米粉目测时速，他是把你撞出去了这么笃定？,0,2025-10-16 11:07:24,中立
多多i丢丢,好好开车屁事没有,0,2025-10-16 11:03:06,支持
轩野丶,我的电车内部把手是机械的,0,2025-10-16 10:40:26,支持
温酒待得佳人归,它这个电池倒置的技术是把整个电池倒置，也就是说它的电极也在下方，而并不是只有泄压阀在下方。这就导致电极这种最脆弱的点暴露在底盘下面，如果底盘发生擦碰这种事情，就很容易导致电池直接泄压。成都这个事情，它的车身感觉没有怎么受损， ABC柱我看着都完好的，但是我看救人者那个视频底下写了，他是从一边经过了中间的绿化带到了另外一边那，很有可能就是底盘在绿化带上受到了磕碰，然后爆燃起火。,0,2025-10-16 10:24:38,支持
继续增肥40斤,双向奔赴属于是,0,2025-10-16 10:16:14,中立
tormmylove,点开超哥视频前我都会先降低音量。,0,2025-10-16 10:08:26,中立
官方审核通过,有大聪明 发明了 电池弹射功能,0,2025-10-16 09:57:08,反对
官方审核通过,作死,0,2025-10-16 09:52:53,中立
山万云起之望,电车都是安卓车[吃瓜],0,2025-10-16 09:49:23,中立
846660461,我建议全体新能源车主在车内触手可及位置自备一台手持充电砂轮机，应急必需,0,2025-10-16 09:39:10,中立
账号已注销,我还是安心骑我的单车吧！,0,2025-10-16 09:40:09,支持
屿鹿孤战群狼,号养成了[doge]【小米su7对撞；隐藏门把手不可怕，电控开门才致命-哔哩哔哩】 https://b23.tv/2IDaY1i,0,2025-10-16 09:26:03,反对
再也不说su7没性价比了,我看有人说车门自动解锁的事，事实上微动开关车门，就是你自动解锁了，电源被破坏也打不开[捂眼],0,2025-10-16 09:25:19,反对
泡泡浴仙人,当然是人的问题，不过卖的时候市场营销本来不就是锚定的他们这些鬼火用户吗，只能说买家卖家翠花酸菜配大鹅，绝配[doge_金箍],0,2025-10-16 09:20:37,支持
黑发不怪,双层夹胶玻璃那些破窗神器都整不开,0,2025-10-16 08:48:34,中立
呆木鸡呆,10年，20年，50年之后回头看现在的电车红利时代，怎么看小米等等“新势力”,0,2025-10-16 08:49:33,支持
ZJK0315,200多的马力的电动车，深踩一下身体都有反应[笑哭]这车的弹射模式的第一下，感觉身上的血直接从前面全跑到背上了，买回来真不敢没事就来一脚,0,2025-10-16 08:45:08,支持
杨大咩喵喵叫,我都不敢想，那个酒驾撞死八个人的车要是小米，网络舆论会是什么样？真的有必要这样吗？[笑哭],0,2025-10-16 08:32:13,支持
兔兔扶老奶奶闯红灯,要我说 安全是个der的豪华，安全是能出厂的底线,0,2025-10-16 08:21:34,中立
暗契,之前有拆解视频说他们车把手用的是微动开关来着，大部分塑料件用的卡扣和双面胶,0,2025-10-16 08:20:54,支持
可安静好,车速最多199.99,0,2025-10-16 08:17:26,中立
经常掺水的嗝屁猫,门把手一定要能打开门,0,2025-10-16 07:57:09,反对
时间刺客o,机械的也有打不开的吧，我记得之前有个雷克萨斯lm也打不开,0,2025-10-16 07:51:44,支持
KN1GHTY3N,小米这是帮助社会淘汰坏种 是好事啊,0,2025-10-16 07:45:29,支持
小尹梓,哎,0,2025-10-16 07:43:51,中立
宇神雨神,酒驾加超速，人有70%也就是主要责任，发生事故后车门打不开，车企有30%次要责任，应该整改和赔偿部分，个人觉得,0,2025-10-16 07:30:52,反对
--冰河--,车肯定有问题，不然yu7门把手就不会改设计了,0,2025-10-16 07:12:52,支持
schyhc10,别管酒驾不酒驾，如果是被酒驾的撞了，打不开车门呢？打不开的车门，堵住了生命的希望。,0,2025-10-16 06:31:42,支持
异色瞳的泪滴,主要现在的车 内部机械解锁的位置都不一样 不管谁家车玻璃砸碎都找不到应急的机械扳手 不像低端的老油车 新出的车只要这玩意不统一 一旦着火都难救 呼吁一下别为了美观把这个隐藏了 做到统一化 才好救援,0,2025-10-16 06:19:46,支持
bili_362745320,我用火砖砸过侧挡风玻璃，火砖烂了，玻璃没碎，就普通面包车的玻璃,0,2025-10-16 06:12:43,支持
永岸之光,高速撞击电池燃烧的概率会大大提高。不知道现在车企有没有超一百公里每小时撞击完全不会起火的测试，现在好像是65以下吧,0,2025-10-16 05:52:01,支持
猫不说人话,我也觉得安全最重要，看上豹五，主要是门把手，作为一个很喜欢电车的人来说我觉得这车真的目前我看到的觉得最安全的车了，小米那种半幅式门把手如果能加上物理的一起这个设计我是觉得不错的，只有微动的和伸缩的我是真的怕死[笑哭],0,2025-10-16 05:39:40,支持
头发跟SAN值一样少,酒驾没害别人自己挂了也就挂了，就怕那种酒驾开豪车，害人自己还没事的[怪我咯],0,2025-10-16 04:25:34,支持
0I无I心I0,我觉得吧，安全方案不是没有，也不是难做，而是他们不愿意做，比如说，车门完全可以在判断出现严重安全事故后立即弹开，如果怕驾驶人员被甩出去，那就做成，在没有剧烈抖动后弹开，别跟我说很难，比如说判断是否是发生撞击还是被砸车，电车都是带有视觉，速度，撞击传感器的，要判断这个很简单，再配合一个陀螺仪，监测运动是否停止，至于车门变形，甚至可以做成两段式车门，车门在必要时可以解体【这个可能有点难度】再或者在每个车门里全部内置小电池，平时开关门主电池供电，小电池一直处在待机状态，这都是办法。。。,0,2025-10-16 03:31:18,反对
我是靖哥哥丫,就和当初智能手机发展时期一样，各家品牌手机是各种类型充电口是眼花缭乱，充电器得专机专用，国家早就该管了，,0,2025-10-16 02:54:59,支持
菜黄兔,这个测试不是很简单吗用现成的车做个断电测试看看不就知道了吗,0,2025-10-16 02:34:48,支持
Co-Coon,不是说好的电池倒置火往下吗[doge],0,2025-10-16 02:27:11,支持
嗶哩嗶哩會員,非传统车企、首系列、首款、首批，单单符合其中一项，别说二三十万，7.98万都不考虑[捂脸],0,2025-10-16 02:14:16,反对
生吃黄瓜要吐皮,https://b23.tv/BV1LT411e7Ff,0,2025-10-16 01:45:13,中立
绝对零度8,只要是酒驾 哈哈 我都是喜欢这样 不影响到别人,0,2025-10-16 01:36:06,支持
兔蹬鹰link,太危险了，还是腿儿着吧,0,2025-10-16 01:08:50,反对
不吃鱼船长,兄弟们 家里考虑买个便宜能拉人拉大件的纯电suv 目前看了埃安的霸王龙家庭版低配这个值不值得买 老爹开的比较多一年两万左右 有时候需要跑高速标称续航打八折来回够用 不考虑智驾因为老爹开了很多年车不信任智驾 低配的车道保持和巡航完全够用 如果主动刹停好用的话就是非常够用了 目前就是价格好像没有优惠 对比了零跑的b10同一天试驾的感觉更喜欢霸王龙多一点 零跑那边车外观内饰不太中意 另外店员态度也不太好（当然真正买回来开这个不重要） 关于这个车我了解比较少 看了一些视频 看起来还不错想问问有没有什么需要避雷的点 提前谢谢大家指点迷津了[保佑],0,2025-10-16 00:41:30,支持
衔玉教主教,技术快速发展才不到五年的玩意，小白鼠实验阶段罢了[吃瓜],0,2025-10-16 00:41:24,中立
小粑打酱油,[辣眼睛],0,2025-10-16 00:10:17,中立
北10001,我先缓存,0,2025-10-15 23:52:37,中立
卐埃隆马斯克卍,吉利打钱,0,2025-10-15 23:24:49,中立
Ghost游戏生活,每年车祸死亡人数 6w左右,0,2025-10-15 23:19:21,反对
Ghost游戏生活,按空格键开车门，哦，空格键坏了,0,2025-10-15 23:20:20,反对
Tadej_Pogacar,【小米su7又在隧道里出事了，看样子阵仗有点大，不知道有没有伤亡-哔哩哔哩】 https://b23.tv/6bhliZw,0,2025-10-15 23:08:43,中立
佐愚,大家以后千万不能开车喝酒啊，本来这事儿随随便便就能讹厂家一大笔钱的，你这一喝酒搞得成了你的责任了 大家原本也都能愉快的谴责了，你这一喝酒搞得大家都不好说了 所以以后还是别喝酒开车的好[星星眼],0,2025-10-15 23:06:56,支持
蒙的都对猜的都中,人要作死别人拦不住，但千万别祸害别人,0,2025-10-15 22:57:34,中立
圣-泽连斯基,现在没有外无机械开关的隐藏式门把手的车，如果召回的话会不会统一更换？,0,2025-10-15 22:49:07,支持
安得千万间广夏,投币,0,2025-10-15 22:39:57,中立
一只小小小小小小的鸟,超哥你总是这么打动人的内心,0,2025-10-15 22:21:02,支持
哇喂人,超哥超哥，小米su7能不能买,0,2025-10-15 22:18:30,支持
不喜请喷,[笑哭]实话实说买纯电甚至是插混，买个20w以下比亚迪代步就行，等固态上了再买吧，现在车都是一个b样，碰了就着,0,2025-10-15 22:09:01,支持
老子不在乎123,对于车企来说赚钱才是最重要。反正他们的老板又不开自己的车，死人也是死的别人[doge],0,2025-10-15 22:01:58,支持
QEAGLE,200公里瞬杀,0,2025-10-15 22:03:04,中立
MotokoX,我不敢知道！,0,2025-10-15 21:59:13,反对
Joey达达的英语频道,@冬去雪微来,0,2025-10-15 21:54:36,中立
苏州胖于宴,还得是老咕噜棒子油车开的实在，极致的驾驶机器。跑也跑不快[点赞],0,2025-10-15 21:41:00,支持
彩虹迷雾,开车如驾虎，这是一位汽车兵告诉我的[酸了],0,2025-10-15 21:39:19,支持
天上狼眼,嘿嘿嘿嘿，我看油车[星星眼],0,2025-10-15 21:25:01,中立
_旗舰_,法医秦明来验,0,2025-10-15 21:18:33,中立
托尼章,桌子:拍个der啊？拍拍拍！一直拍！,0,2025-10-15 20:59:52,中立
芽芽靉衣,想买车，贷款过不去[笑哭],0,2025-10-15 20:56:18,中立
西瓜荡秋千93,问下买电车的朋友们，那个隐藏式门把手真的可以降低电耗吗？我看到我身边买电车的同事们，天天在群里比电耗，之前开油车比油耗，我觉得电车不就直接干嘛[笑哭],0,2025-10-15 20:38:29,反对
墨鱼丸的武士头,其实我一直没搞懂小米酥妻的风味门把手有什么作用 不是门外放一个按钮就好了吗 一个按钮的作用跟现在有风味门把手本质上是没有任何区别的 为啥非要做成门把手的样子 还增加一堆塑料件增加成本 还能彻底消除门把手进一步降低风阻 一箭三雕啊[doge_金箍],0,2025-10-15 20:29:59,支持
L1keADaySaGo,糙,0,2025-10-15 20:27:04,中立
李尔尼_,安全无小事~[尴尬],0,2025-10-15 20:26:47,反对
js出海妖还是盾弓,丙戌月,0,2025-10-15 20:24:44,中立
工人阶级一份子,机械风味门把手[doge],0,2025-10-15 20:22:02,反对
相见亦相携,五菱宏光还在封神[吃瓜],0,2025-10-15 20:21:12,中立
贡丸仔,发几遍了？,0,2025-10-15 20:17:37,中立
八月nu,不理解为什么要求小米高速事故不起火能开门，符合国标还死人去怪国标啊,0,2025-10-15 20:15:19,反对
爱吃大橙子不好吗,@小米公司,0,2025-10-15 20:13:29,中立
奶爸威廉,听了超哥的解说，应该把现在的车卖了，然后买新国标的车把手…,0,2025-10-15 20:11:28,支持
kirva-,一开始是没死的[doge],0,2025-10-15 20:05:07,支持
伏龙独孤,群里说7个人亲眼看到人被活生生烧死,0,2025-10-15 20:04:41,反对
忧郁bl,客机够大，够贵了吧，为啥门需要乘务员去手动关闭，那玩意弄个电的不行么。 就前几天开车出门，小区门口被一台车给堵住了，原因很简单，新车，外面的人不会开门，里面的驾驶员够不到。然后就堵了。[吃瓜],0,2025-10-19 22:50:59,支持
魂之欲,出事故是人的问题，但人死了是车的问题,0,2025-10-19 22:44:57,支持
账号已注销,有问题就改正，这是不可避免的,0,2025-10-19 22:12:48,支持
格兰克鼠,榴莲制动片、0.1s退出的弱智智驾、机械风味微动开关门把手。雷老板第一次造车不知道怎么减配，刀刀砍在安全缺陷的大动脉。米车车主有福了[吃瓜],0,2025-10-19 21:49:08,反对
破晓流云,开车遇到过侧滑，吓着了，比亚迪的云辇和问界的自适应扭矩都能解决。去年买新车买了问界,0,2025-10-19 21:25:55,支持
卷毛王炸,@183的冯予希律师 你很幽默[星星眼],0,2025-10-19 20:24:43,中立
艾布拉姆斯11,不是当场死亡吧，可能是烧死的,0,2025-10-19 19:36:52,反对
酌棋,讲得真好，所有加分项都是0，唯有安全是决定它们价值的那个1,0,2025-10-19 19:11:07,中立
认真吃大蒜,小米汽车太智能了，出了事故会自燃消灭驾驶记录[大笑][大笑][大笑],0,2025-10-19 19:12:08,支持
酌棋,最好啊，这些安全开关最好所有车企都是统一位置，普通人不会记那么多的[藏狐]。最好换车了，这些也不不会变太多 现在的年轻人都追求马力什么的，动不动1000匹。。。驾驭得了吗？,0,2025-10-19 19:04:19,支持
给我亿束光,说难听点，第一人是醉驾，并且超速，死了不活该吗？这要是开个油车，这么作完死了，除了竞争对手估计没人愿意出来说什么，死了不活该？第二，既然国家要大力发展电车，本身电车下面那个电池就是手雷，这是电池特性决定的，它就是跟燃油不一样，你不能既享受它的便捷性和能源效率，又想要它的安全性，当然，也有技术条件可以满足。那你成本就上去了，不一堆人骂的更狠吗？所以说白了，现在的舆论聚焦在怎么电车自燃门打不开，而不是聚焦在驾驶者的素质醉驾超速，这简直就是舆论战，本末倒置，别有用心,0,2025-10-19 18:16:51,支持
暖东202268,还得看比亚迪这些大厂！！！！,0,2025-10-19 14:00:26,支持
正派男孩yo,他这个向下喷火，是不是就说明电池下面没有保护呀[笑哭][笑哭],0,2025-10-19 13:04:25,反对
独孤咕噜咕噜犊子,从内往外锁车状态都能直接打开的设计可以理解为一种安全冗余,0,2025-10-19 13:02:32,中立
Vana5,为什么嗓门要这么响。。,0,2025-10-19 12:45:06,中立
哦微操呀,有车一定要买一个破窗器,0,2025-10-19 12:38:21,反对
3G冲浪人,穿越了,0,2025-10-19 12:26:50,中立
空度尘心,为啥那个T牌自燃都没人报道？,0,2025-10-19 12:02:37,反对
羽装头盔,科普一下，事故没噶掉就抽血测酒驾，事故嘎掉的一般来说是用心头血测酒驾。。。这个事故好像没心头血[辣眼睛],0,2025-10-19 09:36:08,支持
Dorminator丶,希望米粉以后都能开小上米汽车，用小米手机，享受小米空调，多为社会安全的进步做贡献[吃瓜],0,2025-10-19 03:47:37,支持
九月的新生活,电动自行车有限速，电动汽车没有,0,2025-10-19 02:54:13,支持
他的一只小鱼干,电车听说只有比亚迪的一体化模架用洛氏硬度最高的料 其他所有新势力都是低5-10个点的料 小米好像是用的卡全行业最低门槛的料 因为一吨粗胚能便宜8000左右 不是很懂 这玩意对车高速撞击的影响大吗,0,2025-10-19 01:07:13,支持
Panzer·Vor,突然发现我开的大众是机械门把手，但是会自动上锁外面打不开，但里面可以直接打开。现在有个问题，要是这车出车祸会自动解锁可以从外面打开吗？,0,2025-10-19 01:05:16,支持
不会设计的苏夏,不用看冲击之前的速度，看冲击后的现场图，没有飞到花圃上，撞击花圃边缘反弹，车完整，前面两个灯完好，安全气囊没有弹出，冲击时速度不可能有80，60差不多了。 离谱的是电池怎么燃烧起来的，门把手微动开关本来就是废，不是直接死亡原因，主要是电池，车辆完整的情况下，凭什么燃烧起来。 冲击之前，后面汽车拍摄的情况，算视频行道树间距和视频读秒，最多140km每小时，而且后面刹车灯亮了，前行两三百米算最后两秒到转弯，预估90km每小时，横向看不太清楚刹车灯有没有亮，没有行道树做参考，暂时算不出来最终冲击时速度是多少？,0,2025-10-19 01:01:18,支持
Ming月Qing风我,撞击起火+车门焊死，小米牌火化炉[支持],0,2025-10-19 01:00:32,反对
想名字是最让人头疼的,500匹一般人都难驾驭,0,2025-10-19 00:51:16,反对
睡着清醒,到底是谁在说时速200的？有权威官方出示的调查报告或者通告明确数据佐证了吗？如果没有的话那我会认为那些说事故车时速200的都是在造谣传谣,0,2025-10-19 00:48:02,支持
张柏磊,那个门把手我以为是机械的，没想到只是个造型，里面有俩微动开关，那为啥还做成机械风格？直接在门上安俩按钮不得了，成本更低,0,2025-10-19 00:20:16,反对
上车饺子下车面,智能驾驶在真正智能之前都要被批判，很正常，因为老的驾驶思路是复杂的，手动挡车上路你要考虑前车，根据前车速度和路况要考虑挂什么档，档位速度不匹配车身也会通过震动，发动机异响，熄火来提醒你驾驶出现问题。而自动挡的出现让这些思考消失了，自动挡让驾驶变成了游戏，只需要你踩油门踩刹车打方向就能动。现代司机上路大多数是不思考的，在车速慢的时候还好，但是例如小米轻松可以让一辆车彪到200+的时速的时候，一向不爱思考的新司机就会脑子跟不上速度。平时只能驾驭60kms的司机你突然让他去开百公里的车不现实。,0,2025-10-19 00:18:29,支持
哀伤但腐女84,但事实是，好人不会买su7，更不会把更贵件东西的信赖放到一个小米上面,0,2025-10-19 00:01:41,支持
2Maliao,那个，万一代驾也喝了怎么办[doge][doge][doge],0,2025-10-19 00:00:29,支持
悠悠yoni,产品生产中改变形态的话，费用损失非常大，老百姓能买单吗？,0,2025-10-18 22:00:19,中立
黑暗之地,一惊一乍的，说了很多废话，干货基本没有,0,2025-10-18 21:42:33,支持
冷眼看人生几何,庆幸他只是自己撞死了，没有撞到别人。,0,2025-10-18 21:41:57,支持
天天有坎过,我非常好奇这个着火点，因为看视频，似乎是车后座烧起来蔓延到了车顶，我第一次见事故后这样烧的，电池着火是车底往上烧才对，我很期待这次事故的调查结果,0,2025-10-18 21:35:45,反对
AllenChark,"No survivor, 0 complaint",0,2025-10-18 21:32:02,中立
深漂搬砖王,不懂就问，什么叫人车合一,0,2025-10-18 20:58:02,支持
塞浦路斯比亚迪,哈哈,0,2025-10-18 20:46:34,中立
夜袭蔷薇,撞绿化带了，下面电池估计同时烂了好几块，一起烧才这么快,0,2025-10-18 20:32:01,反对
灼眼的克子,米粉应得的[呲牙]曾经以为华为就够能吹的了，直到碰到小米,0,2025-10-18 20:27:26,支持
该死的肉球,[微笑]不需要讨论喝酒不喝酒，违规不违规，这些都知道。你就说这个车的问题就行,0,2025-10-18 18:57:16,支持
最爱海美,出了事故 开不了门 无法救援 这是谁的问题 不言而喻,0,2025-10-18 18:31:32,支持
灼眼的克子,翔翔是对的[微笑],0,2025-10-18 18:11:31,支持
龘㴅,是当场死亡，还是当初被到烧死是两码事[藏狐],0,2025-10-18 17:29:14,反对
甲鱼1029,就是车拉呗。,0,2025-10-18 16:57:52,中立
牢科船长,众所周知，哈基米在路上遇到车容易应激[doge],0,2025-10-18 16:19:22,支持
杞天子,先生就缺个惊堂木了,0,2025-10-18 15:57:09,中立
猎狗队烦神DOGEWORRY,又是小米，是吧，怎么又是小米，怎么老是小米，,0,2025-10-18 15:26:53,支持
君君囍霄霄,小米这个车配置都高，最低的配置就是驾驶员,0,2025-10-18 14:59:59,支持
未来包租公,以前特斯拉天天起火的时候也没见这么多节奏啊,0,2025-10-18 14:43:37,支持
bbbbrightttt,酒驾是导致事故的原因，人死了是车的问题,0,2025-10-18 14:23:45,支持
AI_will_Miss_u,车门这个问题，现在有很多车都改回最开始的经典车门把了,0,2025-10-18 14:14:15,支持
worldcup23,挺好的一个案例，只有遇到事才会真正回归汽车的本质，安全的从一个地方抵达另一个地方。围绕本质，你就会知道并不存在弯道超车，百年汽车工业新能源有太大的差距和路要走,0,2025-10-18 14:06:06,支持
每天拉黑10个b小鬼,米门[保佑][保佑][保佑],0,2025-10-18 14:04:49,中立
-绿豆冰i-,早在24年4月份就有人说过这个门把手设计不合理，信徒狂欢谁能在意呢。雷早就埋下了只是现在大家才关注到[捂脸],0,2025-10-18 13:57:39,反对
蘑菇先生upup,这波还不能没得黑了黑的没了,0,2025-10-18 13:55:30,支持
Y-love-story,我有点好奇，既然都是微动的了，一个小按钮就行，又追求隐藏门把手，直接把门把手去掉，就留一个小按钮不就行了，直接这个地方0风阻了[doge_金箍]，小按钮再跟车漆一个颜色，完全隐藏了,0,2025-10-18 13:45:36,反对
つあうにま,说白了就是，出事大多人的责任，但是救不出来，那基本上就是车的责任了,0,2025-10-18 13:42:14,中立
平平无奇修仙人,所以说买电车等新国标不好吗[doge],0,2025-10-18 13:09:58,反对
这谁顶得猪吖,为什么这次没有家属写小作文,0,2025-10-18 13:07:24,支持
平平无奇修仙人,肯定是车主拉着门不让打开[doge]，这是他亲兄弟啊。,0,2025-10-18 13:05:32,反对
临大王,没有大碰撞，因为前后车牌都是完好的。大概率就是磕碰电池起火。,0,2025-10-18 13:04:31,中立
临大王,双层玻璃用破窗锤也很难砸开，就算砸了玻璃（虽然很难砸），伸手进去也够不到机械门把手的位置。,0,2025-10-18 13:03:26,中立
棋菜头,超哥讲得太好了,0,2025-10-18 12:43:25,支持
临大王,前后车牌都无损，车门ABC柱等都没有明显变形，说明没有发生前方撞击和翻滚，那就是底盘不稳操作不当导致车辆冲上绿化带，磕碰到了底盘电池后起火……欢迎反击我。,0,2025-10-18 12:36:53,反对
喵大人团团,啊？？？？？,0,2025-10-18 11:30:24,中立
爱可松of,@福特中国,0,2025-10-18 10:41:35,中立
我黄金我听你的,不是，理论上来讲电控车门不应该像火车大闸一样，属于是通电/气的时候闭合，断电/气的时候断开吗[笑哭],0,2025-10-18 10:25:21,反对
沐沐兔儿,4月份那个结果还没出来了。估计公关解决了,1,2025-10-18 09:57:32,支持
九年前-北杨克顿,家里面人有认识他家人的，说是活活烧死的[笑哭]无钥匙进入门卡住了打不开,0,2025-10-18 09:45:14,反对
玩影造物涛哥,带了两个，不怕一万，就怕万一,0,2025-10-18 09:09:03,反对
小路无非,关注安全！！！这期真的点赞！投币了,0,2025-10-18 08:37:55,反对
周余周周,【车底盘着火，火苗向上还是向下有区别吗？雷总你怎么又忽悠我-哔哩哔哩】 https://b23.tv/6TO3kff,0,2025-10-18 08:26:03,支持
等夏一个季节,安全驾驶才是真正的豪华，车企设计的冗余最终都抵不过你的作死,0,2025-10-18 07:31:32,支持
究天通古,逝者安息！,0,2025-10-18 07:31:01,中立
微风轻轻吹_,主要是碰撞后车门把手锁死了没有自动弹开，这个非常恐怖。,0,2025-10-18 02:26:02,反对
风语闻笛,我觉得应该公布一个国标，要求所有车的开门开关和物理应急开关在一个统一的地方，现在打个滴经常连怎么下车都不知道[笑哭],0,2025-10-18 02:04:28,支持
牜X牜,就单论车门打不开这一项，这个车就是有问题的，为什么不敢说车有问题？,0,2025-10-18 01:29:01,支持
static7,电吸门，有电就上锁，没电自动解锁。[doge][doge][doge],0,2025-10-18 00:48:28,支持
朱朱跟你拼啦,像那种车窗是双层夹胶玻璃的 破窗锤还能好使吗[思考],0,2025-10-18 00:30:55,支持
非法名称1314,都在关心小米汽车 就没人关心停车场那个电车自然导致相邻七辆被烧的新闻吗,0,2025-10-18 00:22:07,支持
万灵战魂,沃尔沃的含金量还在上升,0,2025-10-18 00:00:00,支持
海的另一边丶,世界的真相https://www.bilibili.com/video/BV1Ww4m1f7R2?t=31.6,0,2025-10-17 23:59:17,支持
克利夫兰诊所,打滑我估计只要开过车的都遇到过，坐车的也遇到过，只不过小打滑非驾驶员注意不到,0,2025-10-17 23:53:36,支持
爱读书的阿方,说真的什么花式门把手没有传统门把手安全，越是关系到安全的地方越简单的机械结构往往才是最可靠的,0,2025-10-17 23:48:04,反对
爲o妳,酒后驾驶与车本身设计缺陷有关系么？,0,2025-10-17 23:06:45,支持
龙泽七宝,有没有了解详情的朋友介绍一下细节，人烧没了怎么测得酒驾啊。,0,2025-10-17 22:43:34,支持
vista_烨,自动弹门有，但是要成本[doge],0,2025-10-17 22:41:12,支持
秋阳_宇瀚,归根结底，安全是最大的豪华，不是速度,0,2025-10-17 22:31:24,中立
戎马HK,为什么网上只有小米汽车的新闻，其他车事故都是0吗，这可能吗,0,2025-10-17 21:58:54,支持
想换名字咯,锂电体系来说安全隐患还是比较大的，我还是选择让子弹飞一会，先油车吧[辣眼睛],0,2025-10-17 21:44:13,支持
射击枪神,老有人说三元锂电池高端，但是烧的就是快啊，要安全还是磷酸铁锂吧[笑哭],0,2025-10-17 21:10:56,反对
焚雷,不懂就问，车门手动和电动不能同时支持吗？,0,2025-10-17 21:10:06,支持
柳小爱爱爱爱,人是自杀的,0,2025-10-17 21:08:46,支持
自由的风海吖,是被烧死的，不是撞死的,0,2025-10-17 20:56:51,支持
冰璃云曦,虽然迷信是错误的，但这个车牌号真有点顶😰,0,2025-10-17 20:52:19,支持
红烧台蛙,超哥很客观了,0,2025-10-17 20:35:09,中立
佳文-顾,买个der2028,0,2025-10-17 20:28:40,中立
风吹青丝白,有,0,2025-10-17 20:14:51,支持
万州精神科实习护士,人被烧成碳咋查出的酒驾？骨灰签订出的?,0,2025-10-17 20:10:43,支持
眼光决定前途,我马上买一个安全锤,0,2025-10-17 20:04:36,反对
wenrou5891,超哥说的没错，如果不喝酒脑袋清醒的状态下，在转弯处打滑的时候，就已经速度慢下来了。。正常人会吓一身冷汗，车能开多慢开多慢。。就不会出现这起事故了。,0,2025-10-17 19:44:43,支持
尹桑丶,蹲几个认为涉嫌酒驾就是不确定酒没酒驾的大聪明[吃瓜],0,2025-10-17 19:25:35,支持
Susiria,电池倒置技术呢？什么着火电池可以自动脱离呢[doge],0,2025-10-17 19:08:24,反对
儒雅随荷,害怕,0,2025-10-17 18:56:28,中立
瀤u不吃鱼,咋咋乎乎，一惊一咋的。正常点不好么！,0,2025-10-17 18:46:31,支持
AIOVS,这up的视频真是清一色的逆天响度,0,2025-10-17 18:43:15,支持
江云凡277,安全是底线，不是什么豪华,0,2025-10-17 18:38:41,反对
老杨圣剑,就这种安全问题放在国外，那车企得被罚死，但在国内没事，车企势力大着呢，能一手遮天[doge],0,2025-10-17 18:35:00,支持
工农阶级WS,车出再大问题也没用，你注意车前面的两个字[OK],0,2025-10-17 18:30:35,支持
眉山市智障收容中心,车毕竟是工具，使用工具的人付全责,0,2025-10-17 18:02:15,支持
芥末揪酱,酒驾飙车，也是自作孽,0,2025-10-17 17:57:34,支持
__-Hannibal-__,我不太懂车，只有一个问题，如果是油车这个情况撞上了会烧吗？[捂眼],0,2025-10-17 17:52:23,支持
西南咔咔,车喝酒了么？车门喝醉啦么？救援的路人因为喝酒了才拉不开车门么？,0,2025-10-17 17:44:43,中立
打肉包子的二狗,各种“锁”都有备份或冗余设计，从互联网账户到手机锁屏到电子门锁，怎么这车的锁就没有呢？[思考][思考][思考],0,2025-10-17 17:40:36,支持
星轨言,那您推荐一辆哪个车企保证100时速以上撞击车门一定能打开的电池不会有起火的！您不是说车的吗？你倒推荐呀哪个企业做出个保证的有这种承诺的这么多好的广告你还不把握一下？,0,2025-10-17 17:01:12,支持
奶茶走糖不走冰,[藏狐]我莫得车，想问一下，车是撞击之后会自动给门解锁吗，为啥都说从外面开不了有问题,0,2025-10-17 16:42:26,支持
其实雨真的好大,经检测？不应该是走访吗？,0,2025-10-17 16:13:42,反对
tthxqing,都做成扣手了，做个机械的不行吗？,0,2025-10-17 15:56:36,支持
bro又被当刀使了,手机就用小米手机，开车就开小米汽车，吹空调就用小米空调，智能家居就买米家.,0,2025-10-17 15:43:32,支持
酋三连,[滑稽]新国标限速25有这事？,0,2025-10-17 15:18:16,支持
大小小万,武汉今天又撞一个，轮毂都掉的,0,2025-10-17 14:44:01,支持
妖_悦,这下人车合一了,0,2025-10-17 14:31:11,中立
欧尼涂抹,一句话人要为自己的行为负责的，成都这个就是，只是他用他的生命来负责了，这里面的互联网让很多人赚到钱了（本该不应该赚到的钱），让有些人很飘了，让很多人觉得自己很了不起了,0,2025-10-17 14:22:45,支持
冬青DnQ,国标是最低标准啊朋友们，满足国标的产品，可以是满分产品，也可能只是及格产品啊,0,2025-10-17 13:59:49,支持
唯小c,超哥，名爵m7能买吗,0,2025-10-17 13:32:46,反对
凯旋路小霸王,天窗也没有，把手没有，开关没有，安全锤没有，这不死了吗,0,2025-10-17 12:58:08,反对
40岁前能做100俯卧撑,原来是翔翔啊 原来是翔翔啊 原来是翔翔啊,0,2025-10-17 12:55:49,中立
Emiya7777777,老翔看到这期事故天塌了,0,2025-10-17 12:53:46,中立
龚自在,酒后驾车超速一百多撞死了，这不是好事吗？也怪车企？,0,2025-10-17 12:48:20,支持
56888824,@雷军 网络不是法外之地，依法追究责任！,1,2025-10-17 12:42:26,反对
Spectrolite,今天怎么又有一起,0,2025-10-17 12:39:29,支持
Gtbes,当事实胜于雄辩的时候争论是没有意义的 更何况 说实话都有罪 [doge][吃瓜],0,2025-10-17 12:38:17,支持
哥斯拉深谈,小米 su7 是满足新国标标准的，所以这个新国标看起来有用，实则没用[微笑],0,2025-10-17 12:38:29,支持
vv九月清晨,如果当时用破窗锤砸破玻璃，人还有救吗[笑哭],0,2025-10-17 12:15:12,反对
slsjfjfid,我想知道超哥怎么保养嗓子的、每天话说多了嗓子就疼,0,2025-10-17 12:14:19,支持
你的名字去哪里了,小米车门把手本来就是机械的 我看过拆解机械式微动开关[吃瓜][吃瓜][吃瓜],0,2025-10-17 12:13:50,反对
AAA--雅课长,气囊打开了吗？这也是要关注的,0,2025-10-17 11:58:41,支持
名儿是lalatina,现在有些车门我都不会开，真遇到有人困里面，想救都救不了,0,2025-10-17 11:48:36,反对
红爷深交的朋友,说门变形了为什么我看视频里消防员用切割机切开门锁后门就开了[吃瓜],0,2025-10-17 10:53:27,反对
-Krito,没有机械结构的门把手是这样的,0,2025-10-17 10:33:52,支持
Normal_Ar,安全驾驶才是最大的豪华[辣眼睛][辣眼睛][辣眼睛],0,2025-10-17 10:33:10,支持
圈圈龙虾,高速120，以前也是咱们修公路技术的问题。,0,2025-10-17 10:31:06,支持
全力烧麦,666,0,2025-10-17 10:15:50,中立
aaije,国标，很多标准是最低的道德要求，,0,2025-10-17 10:07:53,支持
九三年的矿泉,两轮电动车有限速，那为什么汽车不做限速？做个150限速 感觉给国内也够用了,0,2025-10-17 10:05:35,中立
猫东夕,der哥不要命了,0,2025-10-17 10:00:35,中立
生前事身后事,从来不买小米,0,2025-10-17 09:50:32,支持
sunkissmr,【特斯拉再次创造神秘奇迹发生严重翻滚事故后司机自己开门下车特斯拉车身结构到底有多安全！-哔哩哔哩】 https://b23.tv/trbVwSG 自己参考对比,0,2025-10-17 09:40:53,反对
张小天最可爱,最后一个视频,0,2025-10-17 09:02:52,反对
一碗喵_az,未果卷曲了？,0,2025-10-17 08:49:13,中立
只研骗语,根据救人那哥们说车主当时还没死，活活给烧死的，还有根据现场视频来看，车门没有变形，主驾车门没有自动打开和主驾车窗没有下降，后来主驾玻璃打烂了，车门依然打不开（这些都是救人的人说的，视频已经 ota）。到现在为止，小米还不发行车记录，三个女生的行车记录都都敢发，这次为什么不敢发呢？心虚？还是……现在无论引导到了车主酒驾，但酒驾和车门打不开、安全气囊没弹出来、车窗没有下降、车门没有自动打开有什么关系呢？车也喝酒了？,0,2025-10-17 08:18:34,支持
知识改变啥,就冲你狂喷酒驾，给投2个币,0,2025-10-17 07:56:41,支持
四十六攻,超哥，气囊没弹A柱没问题是不是就说明撞击前车速已经降下来了，但是电芯爆燃，建议严查路况，可能是直接撞击电池包了，小米是倒置电芯但是很快烧到驾驶舱这个也要严查,0,2025-10-17 07:50:14,支持
猫者霸天下,视频看着加速了，根本没那么快。,0,2025-10-17 07:49:14,支持
拾舊,发生事故后，为什么车内SOS没有报警？ 时速那么快的撞击，为什么安全气囊没有弹出？ 仅仅是因为没有机械门把手吗？仅仅是因为车门变形吗？不应该是微动开关断电导致想开也开不了吗？ 不是有自研的电池包吗？在这场事故中发挥了什么作用？时速200瞬间刹停发挥了什么作用？,0,2025-10-17 07:36:00,反对
DaADC,电池弹射都有了，那就不能搞个车门弹射嘛[滑稽],0,2025-10-17 07:34:35,中立
我吃柠檬zzzZ,别的不说，基本都是人的问题，别的车出事找保险，小米的车出事找小米[笑哭]前段时间很多只开智驾自己都不理会的，那有什么办法，自己都不把自己的生命当一回事，虽说现在电车安全还有待考量，但是起码自己得有认真开车，正常开车怎么会撞成这样,0,2025-10-17 07:01:16,支持
麦子_dikmg,门锁上了,0,2025-10-17 05:57:50,中立
蜀汉萝莉,除了驾驶人没有其他人员伤亡吧？,0,2025-10-17 05:18:42,中立
咲暮流年,中汽研应该公布每辆车的碰撞测试视频,0,2025-10-17 04:00:51,支持
初定Judin,被烧死和撞死，尸体的体征形态是不同的，这点应该会比较容易验出来,0,2025-10-17 02:47:33,支持
浮云天涯无痕,下雨和冰雪路面开车侧滑，那些都是不会开车的，如果轻踩刹车缓踩油门，你觉得车滑，那就是你速度不对。该减速了，下坡不踩刹车，上坡稳住油门。则么可能滑,0,2025-10-17 02:30:47,支持
老天啊赐我一颗白菜吧,人车都有问题[吃瓜],0,2025-10-17 02:28:32,支持
哈哈哈付费,@一诺求生录,0,2025-10-17 02:22:57,中立
哈哈哈付费,我干脆不开车,0,2025-10-17 02:18:06,反对
又超脱又迷鹿,法务部在路上了[doge],0,2025-10-17 02:15:49,中立
图图的新发型,我想知道速度这个东西为什么不设置上限？什么时候真的会要用到200这么夸张的速度？,0,2025-10-17 02:05:36,中立
真德秀同学,气囊为什么没弹,0,2025-10-17 01:56:32,反对
辞市会清川,火花塞碎片,0,2025-10-17 01:42:57,中立
雪可雹可,就像其他车一样，里面锁上了，外面咋开？,0,2025-10-17 01:41:33,支持
油arebeautiful,小米用户画像,0,2025-10-17 01:21:55,支持
綠生,砸4个角没用，因为侧面玻璃没有角给你砸，必须使用尖锐物，以点破面,0,2025-10-17 00:28:33,中立
小涛mark88,关于超哥说的 今天精神状态不好 就别开车的？ 这个到底有没有道理？,0,2025-10-17 00:16:29,支持
江湖中溺水,一个做手机的造车敢买也是勇士,0,2025-10-16 23:58:31,中立
欲于辉夜之城起舞丶,我去年8月份拿的驾照，9月份跟我朋友一起去小米线下店看了一下，当时问了一下可否试驾，答复是驾照满两年才能试驾，而其他几乎所有常见的汽车品牌（无论是传统品牌还是新能源品牌）都是1年以上就能试驾了，这个规定我不知道只是这家店有还是所有小米汽车线下店都有，如果是后者我只能说，其实小米自己都知道这车的受众是哪些人，知道在多重因素的影响下（小米的宣发，受众年龄层，等等等等），小米上路出事的概率就是高于其他汽车品牌的,0,2025-10-16 23:43:45,支持
Zz1z1z1zZ,https://b23.tv/BV1Sy4azdETg 是小电瓶的问题，设计在这个位置，门把手还是个风味，好家伙撞坏直接全车下电,0,2025-10-16 23:42:06,支持
岁岁年年康康,雨田君自己都不开自己的车,0,2025-10-16 23:22:58,支持
臻德四呢亚,一个车企一昧的宣传他家车有多快，这就是不负责任的体现，你要知道有多少人的驾驶技术根本不合格,0,2025-10-16 23:19:37,支持
大国本,比亚迪的所有隐藏门把手都是物理机械结构的,0,2025-10-16 23:14:17,支持
久久丫博,不要说了，百分之一千是车的问题。,0,2025-10-16 23:13:18,支持
茶心棋子,超哥之前的视频不也说，大多数电池达不到国标吗,0,2025-10-16 22:59:43,反对
滴黑皇帝卡,你别老拍桌子，我害怕[笑哭],0,2025-10-16 22:45:38,中立
霸灞叭叭,the final episode,0,2025-10-16 22:34:35,中立
不太2的二哥哥,成都人，接到交警在公众号的公告了，驾驶员酒后开车，在超车条件不太好的情况下超车变道导致事故。就知道这么多，剩下的自己思考,0,2025-10-16 22:22:58,支持
Mmurrhine,钱和认知不匹配时就会流向雷军,0,2025-10-16 22:19:46,反对
默默地回首,没叫小爱同学开门[doge],0,2025-10-16 22:19:05,中立
天天想些没用的,怎么监测的，人都焦了,0,2025-10-16 22:15:54,支持
入青冥,有些虽然是隐藏的，但是本质上是机械门锁。他这个虽然不是隐藏的，但干脆都不是机械门锁了。,0,2025-10-16 22:05:52,支持
爱丽克丝喵,我管你这那的，人家小米雷总可是说过：速度是信仰！哈哈哈哈哈,0,2025-10-16 22:04:24,支持
-一二懿,多买小米[打call]小米好！,0,2025-10-16 21:57:41,支持
孙一宁-,胡生是对的,0,2025-10-16 21:55:12,支持
疯癫的Lili,很奇怪现在智能驾驶辅助功能如此高端，为什么危险驾驶（严重超速、马路画龙等）时智驾不强行接管并停到安全区域？,0,2025-10-16 21:45:39,反对
yelo小熊,安全是最大的豪华，所以我家是老轱辘棒子美系车[打call]新能源不敢买，脆皮日系更不考虑，沃尔沃有点贵,0,2025-10-16 21:37:58,反对
風自海上来,油车用百年时间、无数血的教训总结出来经验，不是所谓新势力造车所能比的。,0,2025-10-16 21:26:10,支持
小米教天下第一,BV1QQ4BzLEb7[呲牙],0,2025-10-16 21:15:14,中立
碧幽,我开的五菱星光，门把手就是半隐藏的机械门把手，和五菱宏光的门把手一样[笑哭],0,2025-10-16 21:07:44,支持
年年只痒,群里看过照片，都烧干了，脑花都出来了[无语],0,2025-10-16 21:07:34,中立
Marvin_0831,车门 气囊 车窗 电池 全是笑死人,0,2025-10-16 20:53:47,反对
晦气用什么去,可以同时关注9月份的事件，疑点重重，可以查查看或者看动态,0,2025-10-16 20:42:18,支持
milliongogo,现在做个视频不容易啊，3句话里得叠2句话的甲，稍不小心就被告，UP太难了[喜极而泣],0,2025-10-16 20:28:52,反对
海员1976,生死看淡，不服就干,0,2025-10-16 20:12:43,中立
云杉杉杉杉杉,所以家里有两个会开车的真的很重要，我学车我爸是最开心的，过年聚会免不了喝酒，农村还没有代驾，真的不要心存侥幸，农村喝酒开车尤其是重灾区，北方的冬天路面再有个雪真的很容易出事,0,2025-10-16 20:07:22,支持
梆硬哥GOD,新能源车…不敢说。只能说现在尽量先别买，起码家里没有油车的首辆车别买，真的。首先现在的新能源车太不成熟，首先稍微远一点的出行400公里左右的出行很麻烦，油车越高速越省油，电车越费油标600公里的跑高速开空调很多只有四百多公里，再加上充电很慢，服务区充电万一几个桩子满了你排是不排。还有就是北方冬天的续航问题，车子太重开起来的操控问题，电池容易起火的安全问题都是现阶段不好解决的。不是说我不支持新能源，是现在的新能源不够成熟，固态电池快出了等一下吧，再就是汽车厂商问题我知道现在国产新能源发展很快，我们三电系统超车了外国内燃机，但是别忘了车子不是只有发动机变速箱，还有最后一个大件底盘，新能源的车出的太快了，没有那么快速的时间调教底盘避震悬挂，加速又那么快操控肯定是不够的，再加上咱们车企就拿问界来说吧，最顶级的新能源国产电车，它的底子是什东风小康啊！车企是没有丝毫优势的唯一的优势是跟华为的合作，但是想想哪吒想想很多车企，是！因为很多车企原来是负债才倒闭，但是新能源的竞争刚刚开始而已以后谁好谁坏啊？大几十万买个车开5-10年很正常吧，这不是玩具。现在奥迪已经跟华为合作了，以后宝马奔驰路虎什么各种品牌呢？一旦这些百年车企都合作了，那么国产车企的优势还有那么大吗？现在买的品牌几年后会怎样？再就是现在智驾不成熟很多地方还有各种问题需要人接管，l3马上也要出了，这个时候买不亏吗？到时候能不能升级？需不需要新的芯片支持？别忘了l3开始出事车企才赔付，现在智驾出了问题是个人承担！真这么急吗？而且现在电车得很多功能油车不是没有，相对性价比确实比较低而已，但是你想想当年10万的国产车配置一样是比15甚至20万的合资或者进口车好的。我知道说这个很多人会骂我，但是我个人还是觉得应该再等等真的。,0,2025-10-16 19:57:06,支持
李白川三,只会der,0,2025-10-16 19:45:16,中立
小羊comex,通报里说涉嫌是因为已经无法取证了，不要小看警方的刑事调查水平。,0,2025-10-16 19:28:06,支持
KBC空洞中一颗星,在马力过剩的电机时代下，我个人对安全的关注反而更胜一筹,0,2025-10-16 19:07:18,支持
李默然_up,最后一der,0,2025-10-16 18:56:31,中立
1火,客观，爱听，真的不占队，等官方通报，比最近一堆带情绪带节奏的好多了[笑哭],0,2025-10-16 18:53:30,支持
是官不是管不是关,很担心你账号,0,2025-10-16 18:51:48,中立
1358746321,机械把手比电子的贵，这也能解释为啥都分分上马电子的,0,2025-10-16 18:49:52,支持
1358746321,【小米SU7车祸真相如何-哔哩哔哩】 https://b23.tv/Mwby9M4,0,2025-10-16 18:45:42,支持
负绊,应该所有车检测到碰撞和损坏就自动解锁，一拉就开,0,2025-10-16 18:31:54,支持
KevinBale,看到过一个被撞，司机卡在门里，活活烧死的，撕心裂肺的惨叫，这种死法太惨了,0,2025-10-16 18:31:41,支持
wjz841103,小米的超强钢部门和车门锁部门在左右互搏,0,2025-10-16 18:18:42,支持
堂吉诃德_bili,真想买电车，就只能买磷酸铁锂，除非不怕活体火葬。,0,2025-10-16 17:26:57,反对
嗡啊万揽含砍步入姆,夜梦安乐,0,2025-10-16 17:10:35,中立
hylbati8,门把手都没有，这车好看是好看，但是真出了事怎么办？,0,2025-10-16 17:11:04,支持
哔了豆豆,现在的车很多侧窗也是夹胶玻璃，破窗锤也不行,0,2025-10-16 16:59:33,支持
叶瑾岫,这种赛车式可以跑市区吗？,0,2025-10-16 16:22:51,中立
长剑1000巡航导弹,ctb人与电池更近一步技术、风味外把手人离不开电技术,0,2025-10-16 16:19:11,反对
sadaharu_sama,安全警示教育片《死神来了》告知我们，所有的事故的源头都是人[吃瓜],0,2025-10-16 15:37:34,支持
养猪小工,顶,0,2025-10-16 15:30:21,中立
沙赫纳美,胖子，你吼那么大声干嘛？[喜极而泣],0,2025-10-16 15:28:22,中立
T丶BIU,请描述用户画像。,0,2025-10-16 15:19:06,中立
不懂工作室,200公里撞击后门打不开有啥好吵的[笑哭] m7那次才多少码就切断了，假如说切断也很合理吧,0,2025-10-16 15:09:28,支持
西伯利亚狼-999,小米空调自燃了，喝酒了？,0,2025-10-16 14:30:58,支持
人在天顶星刚下歼星舰,信传志 🉐永生！ [OK][OK],0,2025-10-16 14:21:58,中立
离别之朝束上约定之花,汽车是个技术含量很高的东西，一个公司成立不到三年开发的车你敢买那真是把自己安全全部放弃了,0,2025-10-16 14:06:15,支持
一瓶小芬达_,最可笑的是，小米是双层玻璃，他家买的唯一的破窗器是只能破单层的[doge_金箍],0,2025-10-16 14:02:50,支持
张元宵她爹,这个事情肯定是不了了之,0,2025-10-16 14:01:57,中立
校门口卖水的隔壁老王,米粉烧成骨灰粉了[doge],0,2025-10-16 14:01:16,支持
Zephyr-7777,[doge],0,2025-10-16 13:57:27,中立
上一次6级,[doge]最起码没害别人，,0,2025-10-16 13:53:55,中立
雷州靓仔,吉利！宝们,0,2025-10-16 13:52:48,中立
勺勺好了吧,直接把撞车撞的很血腥的那些东西拍出视频给这些超速车的人看，我觉得都好一点,0,2025-10-16 13:41:09,支持
骑大姑拔大姨,@6Cylinder,0,2025-10-16 13:28:42,中立
永不停息的疯狂梦想,一起喝酒的悲催了,0,2025-10-16 13:23:57,支持
不愿低头的陌生人,机械式不一定是最好的，但一定是最后一道保险，安全无儿戏。,0,2025-10-16 13:22:20,反对
别后的星期天,其实我一直认为如果安全是用户购车和企业研发在意的第一位的话，那么沃尔沃就应该是豪车品牌里的销量No.1，可事实上它不是。车辆是否安全说白了，普通民众对其的概念非常模糊，比如燃油车时代看车皮啥的，都是非常可笑的做法。而且安全问题的暴露隐藏得很深，本身出事故就是小概率事件，导致用户感受样本小，碰撞的情况复杂，导致用户感受容易失真，而且这些体验也很不容易反馈到大众，而热点事件的焦点很容易被大企业左右，无法真实反馈安全问题。我是希望在国家转向新能源赛道的契机，能让普通民众和企业更多关注安全问题，提升整个行业的安全水准。,0,2025-10-16 13:19:42,支持
地球观星者,喝酒甩尾能救回来这真是喝酒了吗？,0,2025-10-16 13:10:12,支持
愤怒得白菜,人的不安全行为，物的不安全状态[笑哭],0,2025-10-16 13:01:21,反对
山泉小溪,油车撞击后会5分钟内烧吗？,0,2025-10-16 12:58:23,中立
小小夏吖,这门把手蛮力拽都使不上劲,0,2025-10-16 12:55:07,反对
是读不来书不是不读书,这个速度换机械结构也打不开啊,0,2025-10-16 12:52:42,反对
每天饿二顿,喊什么。吓一跳,0,2025-10-16 12:50:07,中立
我在吃烤鱼丶,还好没撞到别人。,0,2025-10-16 12:48:48,中立
萌尼玛蛋,我在想老a6得那种不也是半隐藏式的门把手么？还是机械结构的为啥现在车不用呢[脸红],0,2025-10-16 12:45:22,支持
我在北海不牧羊,但凡多说一句，这可能就是超哥的最后一期了😂,0,2025-10-16 12:43:45,支持
若水三千只取三千瓢,不买电动,0,2025-10-16 12:38:00,中立
langjitianya6,这就是为什么越来越多的人，买特斯拉的原因，安全才是最大的豪华[doge],0,2025-10-16 12:35:31,支持
WG202,车灾人祸,0,2025-10-16 12:33:15,中立
离别亦是长逝,我有一个思路：我觉得车和人都没问题，这样一个人开着这样一个车，会给其他交通参与者带来多大的隐患啊，这次这样一个车烧死了这样一个人，没有导致其他人和财产的损失，这简直是最完美的结局，不知道你们都在争论什么,0,2025-10-16 12:31:31,支持
丨高贵的名门丨,我挺好奇的，它撞击时的速度不低吧？安全气囊一个没爆？,0,2025-10-16 12:31:15,支持
晴上左卫门,喜欢小米，用小米牌，小米陪，这辈子值了[doge_金箍],0,2025-10-16 12:30:31,支持
没油的台灯,超哥三观极其正，说的非常好,0,2025-10-16 12:16:59,支持
bili_517487059,车的问题,0,2025-10-16 12:13:47,支持
玉砚金盏碾碎银,喜欢快，那就受着,0,2025-10-16 12:07:38,支持
天空的蚕,小米≠所有电车，华为，比亚迪，蔚来，小鹏等车都很安全啊,0,2025-10-16 12:06:09,支持
-质疑理解成为超越,喝酒开车这个事是真的蠢，交警查到丢工作丢钱，撞车直接全责保险不赔，撞人直接全责保险不赔，找代驾就当花钱给自己买个保险呗，花不了几个,0,2025-10-16 12:05:51,反对
大夢有春秋,他都开小米了，我还救他干嘛。。。 信仰不同，选择不同，自负盈亏。 现在觉得ES200是真不错，慢慢悠悠的也挺好。还在纠结VOLVO,0,2025-10-16 12:03:16,支持
近水毒鱼,速度是一种信仰,0,2025-10-16 12:00:49,中立
我是lv22,帅死的,0,2025-10-16 12:00:28,支持
going-wo,喝酒别开车，尤其是别开小米,0,2025-10-16 11:54:10,支持
羽涅三月,以前还想买电车或者混动，现在觉得还是油车吧,0,2025-10-16 11:44:43,反对
winkヅ,我觉得车门打不开车子就是有问题。小白问一下。同样情况下，机械门把手可以打开不？或者其他电车企的车门能打开不。,0,2025-10-16 11:40:48,中立
楪舞纷飞祈愿想随,转发其他评论 大家看，我手中这根火柴，你把它倒着烧哎卧槽[doge_金箍],0,2025-10-16 11:40:48,反对
环球梦游日记,半隐藏式机械门把手就蛮好的，兼顾美观与实用,0,2025-10-16 11:38:48,支持
B站最会读书的人,酒被烧后不就烧着了吗，怎么测出来有酒精的,0,2025-10-16 11:32:52,支持
正义为尔,不如给电池不烧的国标 5年内造出好电池,0,2025-10-16 11:32:03,支持
正义为尔,门关了肯定开不了啊 只能从里面开,0,2025-10-16 11:31:03,反对
镇魔师,真的别喝酒开车，我之前刚毕业，应酬多，凌晨 4 点喝完酒开车在立交桥睡着了，还好速度不快，只是副驾驶那边轻微的撞上了护栏，没掉下立交桥[笑哭]我当时立马惊醒,0,2025-10-16 11:30:12,支持
启濠,哥你中气太足，能不能不这么大声,0,2025-10-16 11:16:14,中立
我真的是张怀民,看完了 车是其次 这个人敢这么做就算开坦克也有一天会出事 车有问题但是主要是人有问题 大家开车一定要遵纪守法不要侥幸心理,0,2025-10-16 11:17:12,支持
_最佳歌手_,聊城酒驾咋说[吃瓜]都不想说你,0,2025-10-16 11:13:35,支持
bili_38477568679,涂磊，你胖了,0,2025-10-16 11:13:06,中立
王子在城堡,还好我买的车是机械把手，没那么高贵,0,2025-10-16 11:06:03,支持
耄耋鉴赏家,大家把目光都看向了段正淳,0,2025-10-16 11:00:49,反对
大弯坸,一般人就开不了这么快的车，换别的跑车跑这么快估计也得暴毙,0,2025-10-16 10:59:48,支持
SILVERVC,突然好奇，这不逻辑闭环不了啊，你车门变形打不开，那得是撞击变形吧，那气囊咋不爆啊，你说没到弹气囊条件，那电池怎么碰撞起火的啊[吃瓜][吃瓜][吃瓜],0,2025-10-16 11:00:56,反对
加油鸭努力坚持,门是明显问题 但是气囊呢，传说中的160速度撞击呢,0,2025-10-16 10:37:31,支持
赌酒,用户画像这一块,0,2025-10-16 10:36:36,中立
崩坏三第一偶像荧,别说了，再说我就看不到超哥了[大哭],0,2025-10-16 10:17:15,中立
专业寄术,没标准为啥要多花钱,0,2025-10-16 10:11:40,支持
五里坡剑圣,车辆应该延续熄火断电自动开门的这个程序，没电液压杆自动弹回，只有钥匙操作才能锁死车门[藏狐],0,2025-10-16 10:11:42,支持
苒嘉本冲,小米法务要来了[doge_金箍][doge_金箍][doge_金箍],0,2025-10-16 10:05:47,支持
暂无下文crazy,酒驾认定这个肯定是调取了车主开车之前的监控,0,2025-10-16 10:04:17,支持
bili_1159597396,你们说无机盐还能找到吗？估计就只能立个衣冠冢了[捂脸],0,2025-10-16 09:55:27,中立
擒贼先擒王先生他哥,因为华为花钱了，所以门打不开[doge][doge][doge],0,2025-10-16 09:51:56,反对
现炒现卖呀,总结：主要问题就两方面，1车主酒驾超速起飞，2米车电池自燃门把手缺陷sos到底有没报警。那些无脑喷到底是什么成分，https://b23.tv/BV1Pf41zREuE 这视频很清楚了，超速后车右边撞到什么直接起飞到左边了，这叫力度不大？然后起火的时候也明显右边火势大先烧起来的，可能是右边底盘电池出问题了，这些都说明车右侧才是受损最严重的，可是全网都主要传车左侧视角，只有一些车头的图片才能开到右车头明显受损的。然后好巧不巧翔翔之前的视频里证实了，米车那个安全备用电池在副驾车头附近的位置，这速度力度大概率出问题了，再加上这车门把手缺陷，打不开了。所以这事就2方面，车主酒驾超速受到惩罚了，米车问题大，电池自燃门把手缺陷sos呼叫能不能保证，一定要及时解决而不是再次推卸责任含糊其辞。米车确实该喷，不喷没热度就不改，喷了也不一定改，还会压热度[笑哭][笑哭]。,0,2025-10-16 09:29:08,支持
天河青年,所有的车都有这个功能——碰撞后在车辆断电前自动解锁，这个功能一般是小电瓶起作用。一般的车车门外有机械结构，绝大部分的隐藏式门把手的电车也是能拉开的（紧急解锁后电控已失效），小米的车门外侧没有机械结构，因此断电后哪怕已经解锁了，也拉不开，在这一点上，它的安全性落后于所有车。,0,2025-10-16 09:23:37,支持
赵古禾,是最近那个司机撞死8个高三学生的车祸吗？,0,2025-10-16 09:14:11,支持
冒牌天神lyle,特斯拉这点好，只有机械把手,0,2025-10-16 09:08:56,反对
重生的doro日常,【可以帮一下受伤退伍老兵吗-哔哩哔哩】 https://b23.tv/UEnZske可以帮帮我吗,0,2025-10-16 09:08:48,中立
浩权哈哈哈,雷军造车的时候千算万算，就是没算到，不要命的人这么多,0,2025-10-16 09:04:38,支持
Presley-L,没事儿，出没出事儿都是小米问题[滑稽] 未来大家自行车被撞了，记得找自行车厂商赔偿[doge],0,2025-10-16 08:51:04,支持
银河135,监管部门为什么不出台对车辆的最高限速标准？！,0,2025-10-16 08:40:24,中立
学疯xiao徐,说不定人家过弯打滑的时候心想：这才是驾驶的乐趣[doge],0,2025-10-16 08:32:59,支持
MissLova5oo,超哥这次投币了[支持][支持],0,2025-10-16 08:24:05,中立
小毛驴苏离,家里的门锁是小米的 唤醒密码输入界面的提示音 会时不时的响一下 很诡异[笑哭],0,2025-10-16 07:47:24,支持
碧天伴走,机械风味门把手,0,2025-10-16 07:24:31,反对
黑灬涩,骨灰级发烧友,0,2025-10-16 07:27:34,反对
Ref_rain_1110,车门安全冗余那家倒闭了[脸红],0,2025-10-16 07:11:36,反对
哈哈闻叶,没有石头🪨吗？,0,2025-10-16 06:51:56,中立
暴食神言渊,防风打火机，只防风，不防人,0,2025-10-16 06:51:00,中立
找不到方向的北,拍案惊奇第二期！[吃瓜],0,2025-10-16 06:45:07,中立
闪烁铭二,有个疑问，就那个速度，10w内的日产车都跑不出来。如果跑出来了，估计有什么气囊也白搭了。直接成压缩饼干啦。个人觉得酒后驾车死不足惜！当然车的问题也要查呀！谁也不想大街上跑一个不定时炸弹。,0,2025-10-16 06:37:38,支持
法式烤冷面,1、真心希望主播不要把GB读成“击毙”了，因为那是汉语拼音字头不是英文缩写； 2、当地有人说事故车是普通SU7改装的仿SU7Ultra，不知真假； 3、因为挖孔风波，苏七优已经被干成苏七折，再有这次米冲高又赢在未来了。,0,2025-10-16 06:24:40,支持
国服第一曹髦,懂了，出了车祸一定是人的问题。[吃瓜],0,2025-10-16 05:45:35,支持
张一昂丶,感谢雷军，不害老百姓。不坑穷人。,0,2025-10-16 04:59:02,中立
Polaris_lodestar,新能源就别买了，现在保险年年涨，这些垃圾车事故率太高了。,0,2025-10-16 04:49:47,反对
告别过去之后,"性价比,闭眼买",0,2025-10-16 04:36:35,反对
EGK丶,改行做烤箱吧,0,2025-10-16 04:01:33,中立
战力爆表布布汪,这也没等五分钟啊，撞了直接开烧了,0,2025-10-16 03:39:52,支持
忆千宵,有保险,0,2025-10-16 03:39:35,支持
-STOVE,刹车真好。 车内保温也很好。 驾驶员睡眠也很好 这就是一辆好车啊，赞叹。,0,2025-10-16 03:00:45,支持
不想先生失去工作吧,[嗑瓜子]有小米车主发视频，买的那个破窗手电筒放槽里扣不出来,0,2025-10-16 02:51:27,支持
脏脏涛,救人的人叫龙武是大冰小屋的歌手,0,2025-10-16 02:44:13,支持
怀民你睡了嘛,呜呜呜，我的sl03就是这种隐藏式门把手,0,2025-10-16 02:18:14,支持
延陵楼山先生,好多没头像的,0,2025-10-16 01:14:23,支持
白泥方尺子,沃尔沃永远的神好吧,0,2025-10-16 00:58:04,支持
大佬大佬666啊,最后一期[喜极而泣],0,2025-10-16 00:42:56,中立
老村长的,什么时候装上机械把手改名小米SU9,0,2025-10-16 00:41:03,中立
咱就一疯子,年纪越大，车越开越慢,0,2025-10-16 00:30:16,反对
莱茵瓶中的鱼,比亚迪车主表示没压力，机械门把手[doge],0,2025-10-16 00:19:32,支持
炒盐,[笑哭],0,2025-10-16 00:18:04,中立
凌晨三点零四,就不能研发酒精检测系统吗，上车吹一口酒精测量车辆才解锁！ 类似疲劳驾驶提醒～还得行驶实时监控驾驶位酒精度避免换位置钻空子！（强制安装，敢改装就存在主观故意加重判罚）,0,2025-10-15 23:57:21,支持
重黎默运,下一条我想看美女,0,2025-10-15 23:58:22,中立
请别问我名字,人是喝酒喝死的[doge]上这个表情不对，但是…,0,2025-10-15 23:50:54,中立
白阳圭明,这下成骨灰级粉丝了,0,2025-10-15 23:40:12,反对
舞者黑子,兄弟，说的有道理。,0,2025-10-15 23:33:59,支持
螃蟹抡大螯,说一千道一万要关注车子安全问题～不过还是喜欢油车～[滑稽],0,2025-10-15 23:30:23,支持
重峰之上,[跪了],0,2025-10-15 23:24:01,中立
異世界勤緒,安全是最大的豪华，那极星的销量有没有机会涨一涨？,0,2025-10-15 23:14:54,支持
GZH0087,有钱卖贵车，不舍得叫代驾,0,2025-10-15 23:08:50,反对
星空图都可以,机械开关,0,2025-10-15 22:22:03,反对
举个o栗子,这里就不得不不提一下比亚迪汉了。2020年的车，算是第一批用隐藏式门把手设计的车了把，但其实它是机械式的，就算它缩在里面，你按前面，把手屁股会翘出来，可以直接拉开,0,2025-10-15 22:12:05,支持
醉生梦死的嫂子,车把手一定要能开门啊,0,2025-10-15 22:09:29,支持
专业眼球按摩,我相信再过几年电车的安全隐患问题会得到解决[支持][支持],0,2025-10-15 22:05:26,支持
丶醉梦仙霖丶,夸抽会安全点吗,0,2025-10-15 21:58:12,反对
笔尖De落寞,新国标电动自行车专家说了都该限速25码，新能源汽车为了安全起见，限速就行了啊，超过30码就电子限速，超速就滴滴滴[tv_doge]就没这么多事儿[tv_doge],0,2025-10-15 21:35:30,支持
ibrucekong,又发一遍？早上看过一次了[惊讶],0,2025-10-15 21:26:14,中立
皓月雪亲王,参考电梯。懂得都懂,0,2025-10-15 21:03:47,中立
羽沫瞳丶,不超速做到这一点都已经超过一半司机了。,0,2025-10-15 21:00:37,反对
Deleuze丶,不买电车就好了[笑哭],0,2025-10-15 20:56:58,支持
嘎嘎嘎大肥鸭,感谢der哥发声,0,2025-10-15 20:56:49,中立
洋流_yangliu,问界！,0,2025-10-15 20:55:45,中立
青春不在呀,我突然想到了某个弱智的零重力座椅[doge_金箍]准备起飞,0,2025-10-15 20:42:50,支持
城市之外我爱乡村,都烧没了，怎么检测酒后驾车的？我只是纯好奇,0,2025-10-15 20:29:04,支持
传峯,不要命的人开上了要命的车。,0,2025-10-15 20:27:51,支持
炖冬菇,在座各位网友的问题最大[妙啊],0,2025-10-15 20:27:09,支持
核潜艇是一条鱼,且看且珍惜,0,2025-10-15 20:23:58,中立
风声和丽,https://b23.tv/BV1zg4vzmEeP,0,2025-10-15 20:19:01,中立
寂寞小处狼,[呲牙]是循环播放了吗,0,2025-10-15 20:11:06,中立
丶IOU,被烧死的吗,0,2025-10-15 20:08:11,中立
夜幕降临時,这门把手换谁来都救不了,0,2025-10-15 20:07:43,反对
灞八,我是坐汽车设备的，我看看怎么个事，哪里先起火的,0,2025-10-15 20:06:21,支持
香裆烩丸,第一,0,2025-10-15 20:00:40,中立
曲中人啦,结尾讲的真好: 安全是最大的豪华，但安全也不应该是奢侈品，安全是必需品！@问界汽车 @小米汽车,4,2025-10-15 23:44:56,反对
养鱼のMeow,把这个东西车里备一个，包里备一个，你永远不知道意外哪天会来，未雨绸缪，有备无患～,45,2025-10-15 20:04:11,反对
佚名即是无名,涉嫌≠就是，酒后还有一个量的问题。[灵魂出窍],0,2025-10-18 01:02:25,支持
GMYぃ,还是买华为,1,2025-10-16 11:18:30,反对
心譕,用户画像这一块，属于双向奔赴没毛病,9,2025-10-16 15:05:48,支持
三月花语,门把手这里稍微有点混淆，其他隐藏式门把手其实都是有机械冗余的，不过需要按下一边让另一边翘起来扣出来，好多人不知道该怎么操作，之前其他隐藏式门把手打不开主要是这个原因。 小米这个恶劣的是，做了个看起来有机械结构的半隐藏式门把手，实际上只有电动开关，所以和其他隐藏式门把手相比，别的是看起来没有机械开关其实是有的，小米是看起来有机械结构实际上是没有的，两种误导都是不对的，强烈支持恢复之前看起来是啥用起来就是啥的门把手。,2,2025-10-19 15:56:59,支持
你八点半下班,啥玩意，怎么这么亢奋,0,2025-10-18 23:30:27,中立
名字土土的黑暝威,我骑摩托车都遇到过甩尾[笑哭]，不太明显，冷汗都吓出来了[笑哭],10,2025-10-15 20:28:17,中立
早日退休兮,不明白，隐藏式门把手减少的那点风阻能省多少电呢[藏狐],35,2025-10-15 21:53:27,反对
霸占她的天下,粗粮这个车为啥不用机械门把手呢，这个不难吧，还就是单纯为了营销吸引眼球，或者是为了对标友商向他们看齐，别人弄我也弄,0,2025-10-16 11:04:58,中立
bili_525453627,在市区酒驾200公里每小时的人，没撞到别人自己走了，这不是好事吗？,1,2025-11-04 21:35:35,支持
吐槽吐槽闲的没事吐槽君,不靠谱的人买了不靠谱的车,0,2025-10-17 01:14:06,支持
南宁窃格瓦拉煮老友粉,搞笑限速[吃瓜][吃瓜]开四论的没一个会不超速，哔哔摩托限速，禁摩的时候四论叫得多起劲！ 说他们事实的时候，他们要么装死，要么嘴硬！ 乱停乱放，占道，堵车，堵高速，不遵守交规，超速！[滑稽][滑稽]唯一做不到的就是乱窜！ 论危险程度四论还意思在电动车面前叫？一说四论不让行让道，他们就会说:你撞的是铁皮，我撞的是车，我有保险你怕不怕？[辣眼睛][辣眼睛] 要是戴帽敢重罚，你们还有胆叫嚣？,1,2025-11-03 07:31:40,支持
黑色の小黑,总有些人以为自己开了个性能车，在市区里面飙车。你要真有那个实力，你怎么不去赛道里玩呢？赛道里开的快，我还夸你呢[微笑],0,2025-10-16 12:27:47,支持
老蜜蜂嗡嗡嗡,把事故的直接原因说成原因之一，这哥们也是有说话的艺术。[doge],0,2025-10-16 00:21:34,支持
清楚人Official,已取餐什么梗,0,2025-10-17 13:59:37,中立
marcolei8888,当年特斯拉也是这个待遇，只能说小米太火了,3,2025-10-16 21:56:45,支持
青草燎原,本年度最惨车主 酒驾保险不赔 舆论没有人同情 厂家静默 就连火化都是现场直播,0,2025-10-16 23:20:05,反对
reflexes,雷军：你教我做事？,1,2025-10-19 23:33:22,中立
南方南站北方,慌什么，小爱在里边儿抽烟呢,0,2025-11-10 01:30:59,中立
我不想修图,啥子，如果这个人开着个本田或者别的能有这么多的事[喜极而泣],0,2025-10-16 12:28:19,支持
顾叶柏,机械结构风味门把手害人不浅,0,2025-10-17 16:21:27,反对
你好请叫我橘座,小米是真火🔥🔥🔥[doge],0,2025-10-16 13:43:13,支持
howiezou,轮毂好看是第一位的，安全靠边站,1,2025-10-16 06:47:01,中立
ziyuliang,人美国电动自行车都限值电机功率，我们汽车却放飞自我[笑哭]，建议限值电机功率,0,2025-10-15 20:40:27,反对
夜雨寄北f,麦好炸,0,2025-11-09 22:37:01,中立
浮年sergen,su7好啊，su7得买啊🤗,0,2025-10-17 19:13:33,支持
上班就是为了下班Zzz,极氪,0,2025-10-16 10:42:06,中立
刺渭党,成炭了还能测出酒精…诺贝尔奖不给你都天理不容啊[doge],0,2025-10-16 12:06:09,反对
抽象捉辩专家,小米应该是目前最安全的，小米都这样了，其他车估计更不安全,1,2025-10-16 19:58:04,支持
数据模型a,如果不是急用还是别着急买电车，等国标和技术成熟再买,8,2025-10-16 11:14:03,反对
南无梁,今天武汉又一起报废的事故[辣眼睛],1,2025-10-17 23:31:39,支持
肉山大魔王同学,雷总亲身示范，两百公里瞬间刹停，没有问题 那用户体格可能不如雷总硬 我是不敢买小米，就怕除出了问题，车没错全是我的错,0,2025-10-17 16:38:27,支持
加拿大洋基本盘的mu,其实各家都不安全，只是小米的粉丝更极端,0,2025-10-19 18:02:53,中立
钓鱼的奥德彪,又来了？,0,2025-10-16 05:07:25,中立
戳那朵云彩,真正的科技应该是碰撞之后，即使车门变形，也能依靠电动机构自动顶开所有车门便于逃生，而不是平时搞个开关按来按去,2,2025-10-16 12:14:34,反对
霜倾露,前两天还有一个吉利的着火 也烧死了,1,2025-10-16 21:22:22,中立
西贝预制菜滑喂贴牌車,@机械official,0,2025-11-07 00:10:32,中立
小心风筝,三元锂电池的车都是炼人炉[吃瓜],1,2025-10-16 14:04:08,支持
你猜呢？,不能说当场死亡，应该是施救失败活活烧死,0,2025-10-16 09:56:30,反对
雪丸吃屁叭,超哥聊聊这个呢[doge],20,2025-10-18 22:42:16,中立
整个宇宙将为妳闪烁,为民除害,0,2025-10-16 12:54:19,支持
狐舒宝灬,人问题，不出事就不会完蛋,0,2025-10-18 03:17:40,支持
我想开飞机,你不怕投诉你下架,0,2025-11-08 20:08:28,中立
可颐BB,大字：方向盘、轮胎、车座等，统统都送给粉丝。小字：赠送礼品都不属于保修范畴。[滑稽],1,2025-10-16 23:51:11,反对
慕容程,虽说是人渣，但是醉驾罪不至死。,0,2025-10-16 16:59:42,反对
Roly-Play,[给心心]有没有可能检测到了酒驾，为了防止祸害别人。ai进行了紧急避险,1,2025-10-17 01:36:39,支持
从不骑小毛驴,所以害得是吉利系的，硬，好开，安全。,2,2025-10-15 23:35:04,中立
我要一杯热的凉白开,我对小米就一直不怎么感冒，但是开车出事故的太多了，小米出事故也正常啊，只不过小米关注度太高导致的而已,29,2025-10-16 03:40:40,支持
小马郭X,哦，烧焦了还能测酒驾么？,0,2025-10-15 22:12:39,支持
bili_329397277,超哥别讲小米啊，别冒这个险，我挺喜欢你的,3,2025-10-19 22:17:12,支持
芙芙没网瘾,时代是个轮回,0,2025-10-23 05:04:00,中立
莫子初justice,都有问题。人不该酒驾不该超速，车不应该打不开车门也不应该删帖删评论,0,2025-10-16 14:45:08,支持
弱势の深蓝,我认为这件事小米最好的解决办法是全面召回小米su7系列所有车型或者下架销售，并且对已经购买了该车的车主进行赔偿，以及对此事做出明确的公告，向着广大消费者道歉，并且以后能改正，现在小米反而自己在做高价低配了，已经脱离了原本的初衷，并且把很多事情都想简单了[辣眼睛],3,2025-10-16 21:45:33,支持
阳光彩虹小牛马1999,《最后一集》,0,2025-10-22 21:58:20,中立
梦想睡懒觉睡不着,烧死的，本来死的没那么惨，体内酒精过多，外面烧内脏也在烧,2,2025-10-16 06:55:13,中立
凌晨安静二点半,安全还是特别重要的，特别是受到撞击车门打不开，断电机械锁打开，如果机械锁打不开，只能破窗了，还要用破窗锤,0,2025-11-08 10:08:45,反对
jnfhht,国内车企的法务是真的厉害,0,2025-10-26 10:17:22,支持
种足蛤蜊,和预言家合影留念,0,2025-10-26 07:37:20,中立
把钱全送给独苟,现在这些新能源车，那门把手几乎全是半隐藏，然后车外上下左右四个方向掰的都有。车内有机械的把手，也有按键开的。我就说哪天出事故了，外面人先试一下你这门把手往哪掰的，发现外面打不开，把窗户砸开，手往里一摸发现没有把手，那小按钮让人慢慢找去吧。,3,2025-10-22 03:25:12,支持
马蚤言舌米青,我宣布这位驾照不需重考，人经过重烤车主，晋升为小米骨灰粉！,0,2025-10-26 08:57:33,支持
是十三的拾叁啊,说油车能救出来的估计车都没有,0,2025-10-28 20:30:32,支持
小鸡毛和小小白,有没有大哥了解钛7这种门把手是属于电控还是传统的门把手呢？,0,2025-10-28 09:31:26,中立
柯鎮悪,涉嫌也就不是肯定咯,0,2025-10-26 03:45:41,中立
乐和kitty妈,首先这个出车祸的人酒驾飙车。是很可怕很可怕的事情。 庆幸他出事的地点不是在人多的地方。前两天的那个高中门口的车祸。 也是酒驾多么惨烈！ 不管是这个小米还是那个大米。谁都不敢说自己完美无瑕疵的隐藏式门把手没问题,1,2025-10-17 09:33:25,支持
门夹脑袋,手机耗电量这么大，系统这么卡，什么时候能优化好？,1,2025-10-17 09:15:51,支持
弗兰入,为燃烧而生,0,2025-10-28 20:03:05,支持
土方大老爷,总结，这个门把手还是得机械式的，不要搞成电动隐藏式的。不要为了一点点所谓的减少风阻搞这种不安全的冗余设计。,1,2025-10-17 21:45:17,支持
逍遥谢二哥,现有国标5分钟，也不满足要求，起火太快了,1,2025-10-20 12:33:40,反对
浪味仙era,三观好正，点赞👍,0,2025-10-26 10:59:33,支持
Aetherial烬鸳,电车就特斯拉[汤圆][汤圆][汤圆],0,2025-10-24 20:03:24,中立
佛祖芯中留,主要还是人的问题，车有没有问题，咱也不敢说呀 逝者安息🙏,0,2025-10-22 01:31:00,支持
平凡的山峰,说个冷知识，小米的隐藏式门把手是学特斯拉的。特斯拉是第一个用隐藏式门把手。,1,2025-10-16 11:32:20,支持
翩雪映月,此时此刻如果雷军来一个线下可选择召回，允许小米店给su7都预约改装上备用冗余电源（该机械结构过于复杂），那小米或许会亏钱，但一定能赚十倍的钱，因为到目前为止，厂商能承认原因的一家都没有，不用说什么是小米的问题，小米的“小字”“使用手册条例”等这些，在任何一家厂商都有，但是从未明标注过，小米是唯一一家标注出来的，但采用了小字。我在八九岁的时候就被360坑过，从此使用各种软件、购买商品，都会大致过一遍条款，以免太坑，说实话小米的那些条款跟其他厂商比起来，已经很宽松了，规避责任的条款漏洞还是百出的，跟其他厂商的比起来简直就是小朋友，但小米的存在让广大消费者认识到了查看各种条款的态度，这个十分重要百分重要万分重要，是防诈骗的最后一道墙,2,2025-10-18 09:15:42,支持
爱海海呀,酒驾加超速，要开到人行道这速度得死多少人？关键酒驾，真撞人了保险不赔，他还不一定赔得起钱，你死了白死，总结就是真酒驾加超速，烧死是应该得,0,2025-10-16 15:09:35,反对
木子qazws,那些讲死者地狱笑话的，是不是有点过分了？讨厌小米可以，但人家被烧死，就因为是小米汽车用户，你就幸灾乐祸？你可以当厂商孝子，但别忘了你还是个人，还有没有基本的人性？,2,2025-10-16 16:47:50,支持
XiaobeiEve,这要是一辆保时捷，同条件下会不会着火呢？抛开价格不谈[笑哭],0,2025-10-23 02:48:22,中立
挤蘑挤蘑挤蘑菇,这个拐弯速度不快啊，我的标致408 60迈拐这个角度的弯也没什么问题,0,2025-10-22 20:39:13,支持
奶香蛋糕,国标标准是有撞击速度限制的,0,2025-10-22 12:07:04,支持
狙击习惯,谁家车企不管你油车电车敢保证200km/h的速度撞击后门能打开的[辣眼睛],35,2025-10-18 09:12:20,支持
づ妖孽,小黑子们现在还在翻去年山西那个事故呢，简直笑死人，这都多久了，还没找到新素材，每次他们发的时候总以为是在黑问界，我却觉得这反而是对问界的肯定[吃瓜],1,2025-10-18 12:50:25,支持
_-Rick-_,超哥可以做一个科普视频 就是目前所有新能源汽车里外开门方法 和物理开关位置 让更多的人学习下救命知识,11,2025-10-15 20:19:09,反对
脚背趴只癞疙宝,没有机械锁，出事故你跑得掉？只要断电，溺水，必死无疑！,0,2025-10-17 22:45:01,支持
啊里咯个西无敌,我懂，一路抄过来么，以前手机起家天天拿荣耀碰瓷营销，通信老本行起家就靠抄思科，成功路径就是复制别人[吃瓜],1,2025-10-18 02:33:29,中立
快乐每一天老张,都是省成本省的错，隐藏的地方有几人能知道？,3,2025-10-17 19:35:21,支持
晓天吴江丶御坂,我压根不敢想去开车，驾照都没考，主要是害怕撞人家或者被人家撞，做梦在开车都会翻车，这辈子可能都不会考驾照，买车了[黎歌Neeko_TvT],0,2025-10-31 00:57:13,支持
羲和XVSZ,有点搞笑，米出问题就全网沸腾，其他车企的天天出问题咋不讨论讨论[吃瓜],0,2025-10-30 12:00:29,支持
依然七念,米粉的福报,0,2025-10-25 16:52:13,支持
氵南陇侯,门怎么都不该打不开的，现在的新能源车为了好看，门把手都是进去的,1,2025-10-16 15:12:16,支持
疔帧,酒驾造成的车门打不开[喜极而泣],0,2025-10-17 08:20:16,支持
比翻我,开车不喝酒，平时也别喝，一个个喝了酒就发疯，看着就烦,4,2025-10-16 23:48:04,支持
冷月夜雨下的回忆,上一次我看大火烧了的一个车祸 是埃尔法 而且还是把能救的人就出了 才着的火 这个人就不出来唉。车有问题人有问题 也该死 谁让他开这么快 车也有问题 打不开门 这事大了,0,2025-10-26 22:35:09,支持
Teapuey,华为翻译[doge_金箍][doge_金箍][doge],0,2025-11-02 09:54:51,中立
平时拌饭加个皮蛋,福建平潭人，我来说说这件事的起因经过吧，现在有两个版本，我那天早上带我老婆孩子去卫生院给孩子打疫苗正好经过，看到很多人还有很多骑警救护车还有吊机，事发的地点是在东澳码头那边，然后车掉下去的时候是凌晨四点多，第一个版本是说这个男的酒驾把车开进海里去了，第二个版本是说这个男的因为感情问题想不开直接把车开进海里了，然后这个男的我目前知道的信息是，94年的，离异，独生子，下个月准备结婚，父亲是卖菜的，事情应该过了有十来天了，那时候整个平潭都知道了，朋友圈都在发视频，更何况事发地离我不到十公里。,0,2025-10-24 11:40:58,支持
这个UP偷你作品了,UO请勿信谣传谣!通报是涉嫌酒驾，到你这定性酒驾了!,0,2025-10-17 15:42:46,支持
雨夜帶刀不帶伞-,喜欢我酒驾是吧，下次你就当聊城八连沙中的一员吧[滑稽],0,2025-10-16 11:11:04,支持
沉默的钓鱼人,四川手机报有没有发短信[doge],1,2025-10-16 20:01:29,中立
守夜VIGIL,兄弟们 毛豆3和su7到底怎么选呢,0,2025-10-31 10:56:21,中立
天朝局域网,1.国标电池还没有执行【《电动汽车用动力蓄电池安全要求》（GB38031-2025），将于2026年7月1日施行。】 2.《汽车车门把手安全技术要求》标准建议实施日期为2027年1月1日 3.人的问题最大 4.车子要是放在那里无缘无故自然，那么人没责任。 5.油车也有自燃的，也有打不开车门的。 6.这起事故 电池起火 和 车门打不开，这是事实,0,2025-10-26 02:10:18,支持
i4566,零件责任制，追责到个人[doge_金箍],0,2025-10-22 18:22:48,中立
赵小天的坤坤,为什么我国限速最高120，家用车的速度要做到突破144的上限呢？赛车我不说啥，但家用车就该出厂限速，限速在那摆着设计那么高不就是给安全种下隐患吗？特种车辆和赛车可以突破上限，但家用车就是不该破限,7,2025-10-18 11:57:53,反对
sully_T,有烧焦的图片吗,0,2025-10-27 23:13:16,支持
和平之手,电车只推荐特斯拉,0,2025-10-20 20:29:41,中立
叁经,视频中看到后车窗降下来了说明解锁了但前车窗和车门不开，两种可能1车门挤压变形。2前车门线束撞击短路没解锁。但从车灯关了发现在救援时火已经很大，说明救援时已经因为起火使线路烧毁，说明还是电池的问题，那到底是小米问题还是宁德时代的问题?,0,2025-11-01 07:30:39,支持
腰杆好,23年的事了，记得2月份结了婚提的车，车都撞成这B样了，我也只是右侧手臂轻微骨折，最后还是心理阴影才买的另一个牌子的车。说实话，不是不愿意相信国产，而且有太多的例子让我不敢相信,0,2025-10-25 01:17:47,支持
wingfree,之前雷军营销，拿一个西瓜抹了电池涂料从楼上扔下去没坏。暗示电池安全不怕撞击[doge]还有人记得吗？,0,2025-10-24 18:56:36,反对
香酥老鱼干,我比较建议加一个撞击后尾箱弹开功能，然后给尾箱上加一个破窗锤[doge_金箍],0,2025-10-23 10:26:07,中立
eagprefa,车祸是人的问题，但车祸不一定不致死，把人锁死在车里活活烧死就是车的问题了，车不行是死人的关键[藏狐],0,2025-10-23 10:03:56,支持
龙虎山首f,能不能做一个智能酒驾识别系统，识别到司机酒驾自动锁车[吃瓜],3,2025-10-22 12:30:26,支持
努力工作还贷款,得亏撞得是隔离带，要不然可能在其他路口撞到人,1,2025-10-16 22:08:16,支持
吃一口芝仕,没绷住,0,2025-10-29 13:53:09,支持
考拉怪兽111,老老实实买油车不好吗 50万能买高配奔驰E 不比什么小米好多了？,0,2025-10-28 08:17:33,支持
闭门姬,他烧了没[Mygo表情包_Love],0,2025-10-27 23:30:03,支持
foxheat,不懂就问：麦克风的伸缩功能是如何实现的？,0,2025-10-26 10:55:17,支持
弯弯犬,如果是碰撞致死的，那为什么撞这么狠安全气囊没弹出来，车辆安全吗？如果是烧死的，那车门微动开关设计合理吗？，车子设计安全吗？,0,2025-10-26 10:34:00,反对
觉后知后觉,隔音好啊,2,2025-10-16 11:44:48,支持
唯爱艾拉-,户晨风最有含金量的一集,1,2025-10-16 23:29:06,支持
mhutrdxvb,车主如果开的公路三大妈，会是什么结果,0,2025-10-31 21:42:46,支持
钟爱健身的王先生,我买了小米su7MAX，我开车25万公里了，开这个车从来没超过150。就一次体验过150。还是在高速上，几乎没车，第一次想试一下。150已经可以缺氧了，市区200码？你不死谁死？,0,2025-10-26 23:57:24,支持
我永远喜欢小贝,最主要的还是大马力现在太廉价了 以前四百匹的车都得大几十万 现在十万就能买到四百多匹的车,0,2025-10-22 15:41:27,支持
莫愁前路无知己s,对大马力要有敬畏之心，油车马力大可贵，电车马力大只是标配 很多人开不了这种马力瞎踩就控不住,8,2025-10-16 03:26:29,支持
耀爺3,动能公式p=1/2mv平方,0,2025-10-21 21:11:19,中立
无敌风火轮何金银,挑，雷总自己都不开小米的车，开车死的又不是他，雷总直呼冤枉,0,2025-10-17 15:57:17,支持
宫迟墨,你为什么一惊一乍,0,2025-10-19 13:53:10,中立
低调掠过的信天翁,说的很好但是董事会决策的时候，这种可能导致短期内受益下降的提议百分百通过不了。哪怕真通过了，友商们表面上为你点赞，隔天立马就开发布会，你就成了PPT立马的对比对象了。,0,2025-11-02 10:53:16,支持
Jiang_Clark,人有没有问题不清楚 但是小米汽车估计要赔不少喽[歪嘴],0,2025-10-27 15:23:30,支持
锤子的大起大落,问一下，15万以内有啥车推荐的吗？，想买SUV，安全第一，不要求多高的性能，家用的，一年可能不到2万公里，也可以考虑9成新二手车。,0,2025-10-26 20:16:43,支持
nieyuyong,疲劳驾驶能检测，为什么醉酒还能把车开走？车没长鼻子吗？,0,2025-10-22 10:25:26,支持
流氓阿哥,让你们看看遥遥领先的https://b23.tv/BV1iB4iz7EuT 车祸起火,0,2025-10-21 15:12:08,支持
pb_ClouD,买车就买小米自驾！年轻人的首选！,0,2025-10-20 15:19:17,支持
Sature-Fi,🐁🐁🐁🐁🐁🐁🐁🐁🐁🐁🐁,0,2025-10-16 01:16:26,中立
杰洛6649,做成沃尔沃 福特一样的半机械式很难吗,1,2025-10-17 22:37:24,支持
阿一゜,有没有老哥知道BYD的秦dmi有没有物理开关？还是车门把手就是物理开关？,0,2025-10-30 20:58:38,反对
黎末歌,工业上的所有细节都是人命堆出来的。,0,2025-10-28 13:46:25,支持
我爱吃酥软的椰子,1.车速太快导致门结构损坏打不开门 2.车速太慢导致安全气囊打不开 该命题只能成立一个,0,2025-10-26 16:22:00,反对
V15来囖,撞变形了门把手是否电动都打不开啦，变形了机械就好使？我觉得搞一个微型千斤顶之类的东西，检测到强撞击后倒数个10秒，期间没有二次三次大的撞击，车门锁止自动打开，门关节自动打开脱落，千斤顶把门往外推开让门脱离车身掉落。这样才能保证能出来,0,2025-10-23 00:48:12,反对
菜菜子不想睡,每年车祸有很多 但是电车因为是后起之秀，大家对电车安全问题还是有很多疑问的[笑哭]所以电车起火是有热度的,0,2025-10-29 13:06:04,支持
鱼肉士绅,小米在社会责任这块态度是有问题的，前段时间充电宝自燃事件也是为了避免舆论让用户多承担了2个月的安全风险,2,2025-10-17 07:56:44,支持
咔梅龙俺东妮,极氪7x的一键破窗有用吗？,0,2025-10-18 09:18:00,支持
冰冰冰蜀黍,所有科技的迭代，都是以防止人类犯傻或发错引起的错误操作带来的不良后果，比如各种防呆插口设计，比如开车门自动P档等等,8,2025-10-20 10:12:26,支持
CherIUsh丶李知恩,韩系：我不配么？,0,2025-10-31 23:35:06,中立
心悦诚服88,没撞到人就是好事,0,2025-10-27 17:54:37,中立
一顿8个馒头,我支持国家强制搞一个物理开门按键,0,2025-10-23 23:32:23,支持
一般路过的举报侠,车门必须机械结构，现在的车开门都不知道门把手在哪，更别说施救了,0,2025-10-25 18:49:01,反对
_Xk-W,这就去下单买个破窗锤[笑哭],0,2025-10-15 23:20:58,中立
メタルスラッグ,人都炭化了还能这么快给出酒驾结论，你说超速这没得说,0,2025-10-18 06:21:43,支持
乖乖的猫被窝,北京那个杀妻骗保案件开的交警推算80km正面撞击矮墙。开的汉兰达车门也是打不开。消防破拆的人才救出来,18,2025-10-17 13:39:49,支持
ottouzero,涉嫌酒驾？人在车里没了，怎么测出来的？,0,2025-11-01 15:34:05,支持
老腊肉2021,超哥，你所说的甩尾是不是又叫漂移，那不是越飘越兴奋,2,2025-10-16 08:26:09,支持
星空图都可以,都不敢说,0,2025-10-15 22:21:54,反对
最初の她,应该没有穿越的可能吧,1,2025-10-18 07:39:23,支持
2021新昵称,米粉能解释清楚一个事实再来谈阴谋论吧。首富怎么来的[喜极而泣],0,2025-10-18 00:20:42,支持
雷嘿最美人噶,人的问题，他买的这车[滑稽],0,2025-10-30 08:17:25,支持
灵心动悦,【豢养媒体，是扰乱市场的黑手-哔哩哔哩】 https://b23.tv/3KmhFWE,0,2025-11-04 13:07:00,支持
屎倒淋头还想搅便丨,我是觉得吧，有些东西，你搞电气化挺好的，但电气化只能是在机械结构的基础上，,0,2025-10-28 21:16:34,支持
红杉树Redwood,是拘役，不是死刑,0,2025-10-20 18:45:58,中立
圆鄒率,酒驾死刑不是正常的法律问题吗？,0,2025-10-20 14:25:04,支持
碎不了心,小米的底盘没有强化钢板，底盘就是电池，而且你座椅和电池中间也没有防火钢板，只有一个隔音棉，如果电池着火，首先烤鸡,12,2025-10-16 15:24:14,支持
zhyicho,@原来是翔翔啊 一年前拍摄的碰撞测试，拆开后发现车门打不开就是设计问题，小电瓶放置位置很容易承受巨大撞击实效，测试时就发生了车门打不开，这么明显的问题不解决结果起诉人家，现在还在里面呢,0,2025-10-24 22:44:01,支持
冷眼看世界1888,微动开关先进吗？大多数电动后备箱多少年前就开始了，用在车门上合适吗？,0,2025-11-03 15:59:16,反对
瑞克格莱姆斯探长,你可以说这个人酒驾是原因之一，但高速那个也没酒驾啊，不还是着了,1,2025-10-18 03:40:08,支持
钻石崽崽,我们做小米手机的ODM都知道，OV米三家，就米的实验标准最低[笑哭],1,2025-10-16 08:05:23,支持
梦毁于晨,小米重大事故都几十起了，大部分压住了，已经不是什么稀罕事了,0,2025-10-29 21:34:40,支持
是芭芭脱丝呀,还是买五菱好了，实惠安全[doge_金箍],0,2025-10-26 17:02:15,反对
元何亦同,和我没关系[以闪亮之名_吃瓜]反正我以后买油车。,0,2025-10-20 20:14:43,反对
杨铁蛋嗷,这几起事故发现小米真的特别会做生意。宣传嗷嗷给力设计从手机开始就各种仿照别人的外形 但是粉丝还美的不要不要的，其实就是大家穷DS经济 带起来的，但是真出了事儿，品牌一句话都不说 粉丝或者媒体只要一说就收到投诉或者律师函。但是但是真的在用钱选择的时候，大家因为兜里穷还会选择红米啊之类的,26,2025-10-16 08:11:45,支持
Originer,酒驾有法律制裁，到你这就成火刑了可还行[笑哭]还有车门打不开的问题从年初到现在起码5 6起了到现在都没ota解决也是神人，这种安全隐患也能冷处理吗。能开ut的大概率就不是米粉[笑哭],1,2025-10-23 12:56:02,支持
圆咕轮墩的土豆,在一项技术刚刚成型甚至还做不到60分的时候就硬吹100分，然后急着让新技术上马，并且把保底的旧技术直接废了踢出局，让不成熟的新技术独当一面，这跟谋s有什么区别。。。,1,2025-10-20 23:50:18,支持
叁玖捌捌,我200p的车都不敢过弯时候油门踩满、何况是电车大马力、这就是酒后自找的。,0,2025-10-20 07:07:00,支持
悠哉笑颜pri,我就说个简单工况，车辆碰撞后司机昏迷，撞击车辆按照国标要求自动解锁，撞击中电池被刮蹭，20分钟后电池包起火烧断了线束，这时候机械式隐藏门把手翘起来可以开门，你米的俩微动开关就开不了，这是什么很小概率的事件么？,2,2025-10-18 00:20:28,中立
曦月映晓,两百公里时速，不是可以瞬间杀停吗,3,2025-10-17 09:54:39,中立
鸿蒙永远滴神,人就走电池包上，不倒置完成不了新国标,0,2025-10-22 19:08:51,反对
Leo-__-ooo,又来了,0,2025-10-20 09:32:59,中立
比奇堡XYY,酒驾死刑就老实了,0,2025-10-16 03:19:59,支持
lanser妖姬,笑死了为什么会有人刷 热知识：涉嫌酒后驾驶并非酒后驾驶，以前是从来没看过警方通报吗，犯什么事都是写的涉嫌,0,2025-10-16 11:16:45,支持
伦晚程,我想知道成都的这个都烧成焦炭了是怎么测出酒后驾驶的？,1,2025-10-16 09:58:24,支持
馬庭芦花世界第一,油车时代出事故了，哪来那么多烧车的？现在这电车怎么碰一下就烧？,0,2025-10-28 22:21:28,中立
Show-you_,传统门把手，车内不物理解锁，车外不也打不开?,0,2025-10-24 21:43:41,反对
泽爱幽灵,致敬超哥，说的真是很棒！！！,0,2025-10-22 14:34:04,支持
我叫辰凡凡,200公里？把电门踩进电池啊,0,2025-10-21 09:42:05,反对
流氓阿哥,这应该是解锁了吧？后窗都降下来了,0,2025-10-21 15:21:33,中立
北公,说白了，买新能源的时候就要做好这种准备，如果你惜命为啥买新能源,3,2025-10-19 19:30:55,中立
朝花夕拾何醉有,不做的谁都不认识，怎么遥遥领先？,0,2025-11-03 17:45:27,反对
littlepriest,纯疑问，好奇机械结构百分百有用吗？如果不从里面解开，外面直接硬拉也拉不开吧。,0,2025-11-02 20:50:00,反对
全能创作型选手,全部车都自动驾驶就没事了！出事了就是安全公司的事，全部车都自动，全部人平等[脱单doge],0,2025-10-21 17:20:59,支持
这位宋同学,不知道雷总看到这个车门打不开要怎么营销了,0,2025-10-18 11:01:58,反对
嗦啰果,雷军下一步计划就是造火箭了,0,2025-10-20 15:43:41,中立
敦于心,一把上了膛的手枪，谁拿都能开枪，枪的问题吗？,0,2025-11-05 21:06:02,支持
四顾剑,平常买个小米手机小米家电，丐是丐一点凑合一下没问题。但是命的事不好丐。有这种事有钱也不买小米。所有新能源开不了门的都不买。,0,2025-11-05 17:26:38,支持
巴克whx,小米su7的事故率高，从统计学角度看，就是跟车有关,1,2025-10-18 23:01:02,支持
爱白lovewhite,这真不是车企的问题，纯粹是国标修改和执行太慢,0,2025-11-01 13:29:19,支持
MI-Kiiii,质疑一下测试的问题 下面一堆人喷,0,2025-10-15 23:18:19,支持
淮南流浪猫,是人的问题，与车无关。车还是很好的，外观漂亮，内饰豪华，车漆领先全球，200码能瞬间刹停，喜欢的就买，只是别酒后开车了[思考],3,2025-10-15 21:18:29,支持
滴水穿石-上善若水,上周聊城茌平有个醉驾的，撞死8人！都上新闻了！那可是有7个高中生呀！另一个是学生的妈妈，母子俩都走了！喝酒开车害人害己！真希望醉驾酒驾增加刑事处罚！,0,2025-10-21 21:28:25,支持
MAENE,https://b23.tv/BV1LEWqzuEP1,1,2025-10-17 23:47:18,中立
土鸡蛋二萌,愿赌服输，为信仰买单,1,2025-10-16 13:07:56,支持
兔子夏月,我个人是个数码产品迷，什么东西能用数码和电的一定不会用传统方式，唯一不信任的只有和安全有关的不信有半主动特性的电子设备 所以开的车是手动挡[笑哭][笑哭],0,2025-11-04 13:43:21,支持
最爱喝兽乃,现在稀奇古怪的各种开关按键，出门打个车有时候上车下车不知道怎么开门,0,2025-10-21 21:06:08,支持
Lv6-食蜂操祈,车没问题，我不知道开门下车啊[笑],2,2025-10-15 20:50:49,支持
奥格润芝,换汤不换药,0,2025-10-27 17:48:35,中立
绝地的思念,2025年再看小米，你不论买股票还是买车，都亏大了。。。哈哈,0,2025-10-20 19:03:06,支持
戚风风,纯吃瓜 前段时间清一色米吹过年 这段时间米黑过年 双方有来有回[吃瓜],0,2025-10-16 03:59:50,支持
夜上弦冥,[藏狐]我看一群人没意识到一个问题，很多新能源车车企根本就没有汽车行业基本的底层逻辑，属于没有地基的房子他们压根扛不住事故，老牌车企几十年的底子地基深厚也不是什么时候都能抗住的，更何况这些没有什么地基的“造车新势力”,0,2025-11-02 22:20:56,支持
修怕修怕,有一说一 非机械门把手就是硬伤 完全没考虑电气系统失效吗 或者说电气系统失效的情况下，默认要让车进入解锁状态才是安全设计吧,0,2025-11-02 00:24:39,支持
Br辉仙,如果你是可以复活的角色，那保命装可以最后出。 如果你只是个人，那怎么小心都不为过,0,2025-10-28 22:07:00,支持
光靠喝可乐就,原因： 1.人身方面，酒驾 2.车辆方面，车门没有安全冗余，三元锂电池碰撞爆燃 总结：人车都有问题，最主要是三元锂电池安全性不足，希望新国标电池碰撞短时间内不起火燃烧[辣眼睛],606,2025-10-15 20:14:17,支持
bili_20712713630,答应我，无论什么时候刷到我，让我去喝水，顺便你也喝一杯,0,2025-11-05 19:06:06,中立
xingying0207,还有个问题，你们说撞击速度那么高，一会160一会200的，安全气囊怎么没弹出呢,1,2025-10-17 08:23:11,支持
没有二胡拉不走的,酒驾的话肯定是车祸的唯一原因，但这没保住命，就不好说了[doge],1,2025-10-16 01:14:11,支持
김떡순,主要还是人的原因吧[辣眼睛][辣眼睛][辣眼睛],0,2025-11-03 17:02:44,支持
bili_86651464281,这次宁德不发公告说不是他家电池了吗？,0,2025-10-28 19:42:15,反对
dcy鸭,四个人撬车门都没撬开 我当时就被这安全性震惊了！,3,2025-10-16 15:11:24,支持
司马睿r,没得喷孩子们，这位UP真是牢米骨灰级粉丝,0,2025-10-18 14:56:38,反对
唉诶诶喔喔欧,老的带机械结构的车把手，你可以遥控汽车解锁，你也可以插钥匙解锁。有机械结构方式多，以前有的机械解锁开关离窗户很近，砸开玻璃打开开关，车把手一拉，门开了。这就是安全冗余，纯电动车把手，就算撞击自动解锁然后才断电，又有啥用，门还是打不开啊，电池一着火，谁敢探半个身子去捣鼓里面那个机械拉手。 那些一提开门就说酒驾超速的，你没酒驾没超速被别的车撞断电了起火了，就别活了？,1,2025-10-17 02:21:55,支持
祁厅长的后备箱,米粉啊,0,2025-10-22 20:05:37,支持
盛世中国魂,小米锅巴,0,2025-10-16 15:44:48,支持
可惜妳不在,安全才是最大的豪华这句话的含精量还在上升！！,0,2025-10-26 16:46:24,支持
笑杀陶渊明_,骨灰级发烧友[捂脸],1,2025-10-16 15:41:00,反对
孜然而然,最近特斯拉的负面新闻少了好多啊,2,2025-10-16 14:51:44,支持
昵称违规了嘤嘤嘤,车门把手一定要能开车门,2,2025-10-16 00:24:38,反对
温モリ,人都化灰的温度还能检测到酒精吗[滑稽],2,2025-10-17 19:35:45,支持
粽锁粥汁U,应该召回，把门把手加上机械开门结构,18,2025-10-15 23:25:08,反对
一锅端智驾,人是物以类聚的,0,2025-10-17 18:28:49,支持
95年的小李,开得起好车，请不起代驾，最后付出不可承受的代价,0,2025-10-23 21:14:07,支持
庙小妖风大t,有拆解视频，小米这个是风味门把手，只有两个微动开关。,1,2025-10-16 11:56:45,中立
松仔爱加班,学习新国标电自和大疆嘛，搞电子围栏和限速，车机定位无法关闭，定位在市区道路直接限速80，高速限140。解限速直接保险失效。 对付两轮的这招给四轮不行吗？,3,2025-10-15 20:36:37,支持
YOU鬼迷日眼,叫小米小米开门就好了,4,2025-10-16 11:12:30,支持
HYZ_yu,只有我关注点在150时速碰撞车子AB柱没严重形变吗,11,2025-10-16 18:34:03,支持
丶阿伦SL,前一条被ban了吗？,7,2025-10-15 20:03:55,中立
岐黄公,牢大都肘不开小米su7ultra,1,2025-10-15 23:12:58,支持
BI哩BI哩航BBA,笑死我了😂,2,2025-10-15 20:23:08,反对
非常风范,这速度，开的坦克也保不住命,0,2025-10-17 06:45:19,中立
无我随境,车有问题，人也有问题，这次事件我认为人的问题更大。但凡车速80码以下我不信人救不出来。,0,2025-11-07 12:39:00,支持
楪舞纷飞祈愿想随,一转二除 ， 字研三抖四摇五端六瞬刹停 后面想不出来请高人补全[doge_金箍][doge_金箍][doge_金箍][doge_金箍],1,2025-10-16 13:41:57,反对
xjdndhks,Su7应该要批量召回,0,2025-10-28 22:55:52,反对
有瓜子的仓鼠君,各位别被粗粮kol带偏了。 目前的新能源车基本都在机械结构，隐藏门把手隐藏的是把手，你拉那一下开门的还是机械结构，小米是一个微动开关，没有机械结构所以断电就报废打不开，解锁了也没有用因为没有开门机构，其他家都会自动解锁，门把手就算断电了补弹出来你扣出来拉一下是能打开的 车辆开门流程:先解锁，后开门，不解锁什么门把手都没有用，解锁机构也需要电，华为的cpm备份的是解锁机构，门把手本来就能扣开,76,2025-10-17 23:36:06,支持
1887948,涉嫌不代表是真的,0,2025-10-29 20:19:50,反对
qian姜,其实酒驾才是最该控制的，建议搞个什么系统，无法酒驾[思考],0,2025-11-02 03:16:48,支持
冬令营11维空间,虽然警方调查车主全部行程监控，证明车主酒驾了。但这不能逃避车门打不开，救人的事实！ 小米是想说，对于酒驾零容忍。传感器判断司机酒驾，就把司机锁在车里 无法打开是吧？,0,2025-10-27 10:52:42,支持
柠檬树下youANDme,想法很简单，我坐电车要晕，要么就买辆老咕噜棒子吧[吃瓜],1,2025-10-16 15:07:57,中立
殄天之殇,成都乱停车没人管就应该出车祸啊，放其他地方没人早拖走的马路边乱停车，在成都这边能停到那车落满灰都没人管。,0,2025-10-17 19:45:27,支持
板牙小子,这超哥现在也是越来越2了，这有什么可敲警钟的？车祸一年死十几万人，这刚刚8死四伤，你去问问车品牌敲警钟呗,0,2025-10-18 11:40:00,支持
幸味增,其实一开始手机造车，我还是有点不是很敢相信的，毕竟人家造车好歹有资深的经历只是一个手机厂商突然开始造了汽车技术提高了，但是还是有些隐患的哈,0,2025-10-28 13:29:34,支持
紫色芫荽,谁说的肯定酒驾了？,0,2025-10-16 14:09:34,支持
优雅的SU-27和SU-35,碰撞测试这东西不可能覆盖100%事故范围，我100公里碰撞测试电芯不自燃，但是谁也不能保证超了100公里会咋样。还有碰撞的角度、碰撞的障碍物都是实验室不能100%还原的,0,2025-10-31 12:07:19,支持
哈吉米oo,只能说新能源啊，动力来的太廉价，把握不住很正常[笑哭],0,2025-10-25 22:05:46,支持
紫色基情,酒驾危险驾驶发生事故致死，车没问题，打不开车门一键火化就对了，让这种人活着才是社会的悲哀，所以Xiaomi汽车为民除害，这是义举啊,1,2025-10-17 21:40:33,支持
Angus的日記,車最重要的是安全，而某些車企卻把重點放在了好不好看,1,2025-10-16 20:22:16,反对
核电站听歌使我快乐,小米的车门就算车门解锁了，如果没有电，从外面也是打不开的,1,2025-10-18 23:58:40,支持
蛮小喵,宁德时代什么时候出来发公告说不是我的电池啊[大哭][大哭][大哭],1,2025-10-17 13:46:34,支持
美好的蒲公子,车门打不开就是设计问题，要是在国外小米得赔几亿,0,2025-11-04 21:39:15,支持
大A老九,有智能驾驶不能喝酒吗？,0,2025-10-16 11:02:18,支持
芈乜也,好多人说电动车限速的，也有人说，做个超车档的，对于车厂而言确实不难。但人真反应得过来吗[笑哭]高速公路上，横风，你旁边的大货车即将侧翻，你要在几秒内加速超过去，结果你的车还要先换挡，再慢慢踩油门。或者是山区行驶遇见山体滑坡，也就几秒钟，你需要的就是一脚油门冲过去。再者大家真的会按照规定挂什么档吗？而不是为了偷懒次次挂超车档跑？ 所以说，超速这种东西重点还是在于人，他想飙，你怎么限制都没用；他惜命惜车，他油门都不敢猛踩，时刻准备着踩刹车。 但是安全是每个人时时刻刻都需要的，所以怎么样越安全才是重点，就算撞了不出事才是重点。,0,2025-10-28 13:14:40,支持
黑白小镇看夕阳,如果人是被烧死的，这股价起码腰斩[doge],1,2025-10-16 20:05:49,反对
糖糖小白羊,人心的问题，一路向钱看，能不出问题吗,2,2025-10-15 22:12:30,支持
你好像那个谁啊,说实话，我不是米粉，但我以前是化学专业的，锂电池这个东西，真能控制不燃吗，磷酸铁锂也只是烧的慢一点而已啊，无非是电池包裹中间原料的部分做的更坚固，来降低出事的概率吧，这人都200km时速了，啥电车撞了能不烧啊[笑哭][笑哭][笑哭][笑哭],15,2025-10-18 02:21:27,支持
真爱的颜色灬,车门打不开是不是没充会员啊？电车好像都是几年后要充会员，不充钱你走都走不了,0,2025-10-22 10:22:30,反对
微型战斗机器人,该遭,0,2025-10-16 09:14:14,支持
品品三道茶,看到一个评论，说骨灰级米粉，笑死我了，哈哈哈哈哈哈哈哈哈，认知变现了属于是,0,2025-10-16 08:41:33,反对
伊甸外,物理应急开关，在车被撞的情况下，也会失效…… 应急的是电子的不好使，而不是应急的事故…… 即使好用，车门车框歪了，一样打不开…… 车速那个样子，人在这里早懵逼了，你能活下来，就靠附近有辆车里有人能迅速拿出破窗器，灭火器…… 跟你自己准备不准备没啥大关系,1,2025-10-16 23:17:23,支持
苏格稀饭,车窗都破开了，里面开门开关也没打开啊,1,2025-10-18 19:22:25,支持
面对现实很难么,关键是 门打不开 你就说 安不安全吧[笑哭],0,2025-10-20 09:47:22,反对
曲曲奇战士,连门把手要具备开门能力这件事都要通过立法才能配备的话 是不是有点可悲了？,0,2025-10-27 00:27:09,中立
藤椒大碗牛肉面,哪怕车没问题也远离这种，每次出了事他厂家从不正面回答解惑，那我只能认为就是本身有缺陷的产品,0,2025-10-20 22:12:04,支持
缅北七进七出,老是扯高速撞击，往这上面带。这车看着就是高速飞过绿化带了。这受到的伤害能和160速度追尾撞墙一样么。实际就是高速撞上了一个20cm的台阶。车底部损害厉害可是人还是有救的。,0,2025-10-16 18:37:16,支持
维什戴尔议长,因为门不能从这一侧打开[tv_doge],0,2025-10-28 12:50:09,反对
菜鸡木木,应该是多久燃烧的，什么情况燃烧的？油车都会烧，你不能苛求不烧，而是满不满足逃跑需求国标要求，他自己宣传标准,0,2025-10-28 20:21:33,中立
阳逸玩,如果小米在非赛道地区限速有用吗？,1,2025-10-16 12:02:37,支持
起名字困难症_,细思极恐，对翔翔重拳出击，数据也有了，原因也能知道，但是安徽事故到现在都没有下文了,2,2025-10-15 22:13:33,支持
吾月陽,喝酒，开这么快，他不就是想死嘛，这就是人的问题，幸好没造成别的伤亡。车有没有问题建议也查一下，这是两个问题，不能混淆！,1,2025-10-15 21:09:22,支持
违规账号_已注销,都有问题[藏狐],0,2025-10-17 20:43:36,支持
在痛苦中微笑,总有人喜欢揪着，网传的喝没喝酒来争论。难道最该讨论的不是事故后，车门无法打开以及车辆起火爆炸，把车主活活给烧死吗[妙啊]里面出不去，外面救不了。也别做车了，干脆改卖焚化炉吧。生意嘎嘎好[嗑瓜子],0,2025-10-19 13:32:42,支持
我从北京来想吃广东菜,小米产品的配色应该有以下几种： 地狱火红 焦炭黑 骨灰白 洛杉矶湖人联盟纪念版配色,0,2025-10-20 22:32:04,支持
天河玲,装个小电池,0,2025-10-23 12:14:11,中立
粉带砂锅,车不是手机 车是随时能威胁生命安全的交通工具 谨慎一些总没错！,1,2025-10-16 08:56:01,支持
大雷AMG,共享大脑们的话术“都烧成炭了还能检测出酒精”[doge]，你们上次共享大脑的时候我猜应该是“TSL没有刹车，务必远离”[星星眼],2,2025-10-16 18:26:17,支持
乌萨奇来也,我9.30号回家 没走高速开的国道 从晚上8点连续开到凌晨4点 就是这个时间点 我中途只短暂休息了10分钟 然后撞上国道栏杆了 给我吓死了,1,2025-10-16 20:18:31,支持
唯夏織,有些人实在救不了，提醒他哪里有安全隐患，他还说我咒他,1,2025-10-15 22:47:33,反对
安志杰高州分杰,电车时代的火车[笑哭]，代替了之前的思域宝马[笑哭],2,2025-10-16 06:51:13,支持
ue356179,雷军的恩情还不完，所以是人的问题，不是车的问题,1,2025-10-17 21:04:38,支持
JerryWear,这是核心原因,0,2025-10-24 11:29:40,中立
年少轻狂耍牛氓,汽车上很多你觉得没必要但车企就是不敢改的设计都是140年汽车发展史拿人命换来的[微笑][微笑],1,2025-10-16 14:11:12,支持
傲然红尘,撞击致死说明车的安全性有问题，起火烧死说明车的安全性有问题，小电瓶受损导致打不开车门说明车的安全性有问题，车门严重变形导致打不开车门说明车的安全性有问题，逃不开车有问题啊？？,1,2025-10-19 04:34:49,支持
覆面龍貓,想要减少成本，但是由于隐藏式门把手和汽车制造的经验不足，导致一刀砍在了大动脉上，安全性上出现原则问题是会对汽车厂商造成毁灭性打击的，如果他们知道可能会发生这样的问题，会造成如此大的舆论压力，是绝对不会在这个地方减少成本的，哪怕砍高强度钢的用料也不会砍这个机械冗余的 所以我选隔壁技术最强的企业,38,2025-10-15 21:41:03,支持
必哥皮纳斯,喊一大顿你到底敢不敢说？,0,2025-10-27 20:42:13,中立
七天之后是三十再三十,50+买这工业垃圾，看看人家20+追尾淡定开可乐【【汉Lev】好硬的车！8车追尾事件！车辆叠叠乐，最下面的驾驶员竟然毫发无伤！-哔哩哔哩】【视频标记点 00:43】 https://b23.tv/Bg9MyQa,0,2025-10-16 14:43:12,支持
瞎了瞎了啥都看不到,当场没死吧[笑哭]烧死的吧,0,2025-10-18 19:53:02,中立
失踪的bro,小米营销给自己带来销量，关注，流量，出一点事就容易被流量反噬[吃瓜],0,2025-10-18 11:54:10,支持
老丷宫,记得有个新闻酒驾没被处罚，酒驾还分善意和恶意吗。,3,2025-10-16 07:40:46,支持
xxxbit,视频看了很多期了，但是能不能正常说话，声音忽大忽小的，一会吵一会正常,0,2025-10-17 04:18:14,支持
是rr呀114514,啊！su7的车门还是电动的？那为什么当初发布的时候铺天盖地说什么这是机械门把手什么不是隐藏式什么更安全……？,1,2025-11-06 12:55:08,支持
销冠也是冠懂吗,买合资要是被动烧死了厂家至少不会逃避责任吧。雷军最新言论叫大家以大局为重，别说风言风语。这么多例子还有人还在装睡,0,2025-10-17 12:24:36,反对
小不点每天都要开心呐,看完视频，我感觉电动车自备一个破窗器应该很有必要吧？就怕这种出了事故断电打不开车门，不怕一万就怕万一，有个工具最起码人在清醒的情况下还能自救[思考],1,2025-10-17 15:08:05,反对
右横JDM,少有这样理性客观的博主了呀。。,0,2025-10-22 16:42:20,支持
一曲笙歌续半秋,人绝对有问题，车绝逼也有问题。人喝酒了，车门把手也喝酒了？,0,2025-10-30 13:23:55,支持
Thy陶圣,有没有可能操作越复杂的车，酒后越难开走[微笑],0,2025-11-02 11:41:38,支持
玉疆战神,不光小米，所有电车安全性不弄上去，再好我也不会买的,1,2025-10-16 07:12:34,支持
我真是无语了都,想想还有更恐怖的 为了省钱 门把手上这点肉都扣下来 还有更多关乎安全成本更高的地方是不是更要扣？ 这种不良企业就该倒闭[doge],1,2025-10-16 19:03:19,支持
鳳凰花再開,后驱，雨天从未侧滑甩尾，因为从不作死。只要感觉这个速度不能100%控制，只要视野不够清晰，就会减速,2,2025-10-15 20:28:35,支持
那威尼不勒斯,超哥切割地真是超快,0,2025-10-16 12:50:09,中立
届不到的天使,超哥这次怕不是[喜极而泣]，断章取义把只有su7有的缺陷扩大成整个新能源问题[喜极而泣] 隔壁区胖2分钟就把事故图片、事故原因、su7yu7车门对比、未来展望说清楚了。 https://b23.tv/BV1kQ4tzvEJj,0,2025-10-18 08:30:57,支持
荏苒灬曦雨,肯定是人有问题，车有问题。,0,2025-10-15 20:14:21,支持
TDBaker,户晨风的含金量还在增加,1,2025-10-16 23:53:22,支持
机械基因灵能飞升,小米汽车自燃，门打不开[tv_生病][tv_生病],0,2025-11-08 20:28:09,反对
大熊山的大熊,每次看到up，都不可避免的想到土木牛马-“大猛子”[doge],0,2025-11-10 00:35:44,支持
bili_1811942,03:29 敢问资深汽车人，你说这一批新能源汽车，PO的9车图，你是否调研过人家没有机械结构？？？,0,2025-10-21 21:56:23,支持
一9527一零,特斯拉都哭了 还好来了个小米 军儿救我[大哭],5,2025-10-15 20:33:42,支持
dddfff3345,终极答案：买个得儿🥴,0,2025-10-15 20:50:52,中立
小菜哗,老是想弯道超车，翻车就有份[doge],0,2025-10-16 09:52:02,中立
不在亏欠再也不见,现在不都有电池弹射了 搞一个大门弹射 不用电用气一下子顶开[呲牙][呲牙][呲牙],1,2025-10-16 10:18:01,反对
向我的水人低头,关我大众什么事，毕竟大众历史比这里都多11年,0,2025-10-17 01:45:52,中立
px3346,现在回头看那些老古董手动挡真tm安全，配置简陋的一批，全车几乎都是纯机械结构,55,2025-10-15 20:18:54,反对
猪头猪脑壳子弹,人家卖车的根本管都不管，还在测试车子性能呢[笑哭],0,2025-10-16 22:20:26,支持
十雨虹云,怎么咋咋呼呼的,0,2025-10-18 04:41:39,支持
沉默的驴1,都烧死了还能查出来酒驾啊,0,2025-10-17 23:40:59,反对
An的奇幻世界,还有个问题，是怎样的前提，外部人只要一按把手的按钮就能开门？是要内部的人先解锁才能开，还是不需要解锁就能开。要是不需要解锁就能开，那遇到歹徒抢劫怎么办？假如需要内部人解锁，那看了几个视频是有说里面的人醉驾，但是大家都没有说是否已解锁，但是就是打不开，那这个才是车的问题。如果没解锁，那打不开，那也不关车的问题。我只是好奇而已。像油车，无论内外部要打开车门，一定要先解锁，这个是否已解锁是关键。,0,2025-10-24 12:36:16,支持
鹏多多,速度是一种信仰。车颜值才是王道。机械风味门把手。 [辣眼睛]回旋镖还在继续～,1,2025-10-16 12:51:43,反对
薄雾zy,说事就说事，这手舞足蹈的是干嘛,0,2025-10-16 18:27:02,支持
你猜我猜你不猜我猜到,最简单的结构最可靠，越复杂越容易故障,0,2025-10-29 05:11:22,支持
我才不叫威震天,小米不是为发烧而生吗，建议小米弄个装置速度低于160就会爆燃[呲牙],0,2025-10-17 15:51:26,支持
蔚蓝星白夜,正义从不缺席，事故原因一定会及时公开。特别重大事故(30人以上sw)自事故发生日起60日内提交调查报告。,1,2025-10-16 16:29:03,支持
杨小鱼儿丶,觉得门把手纯电动没问题的，如果一辆电车刹车是纯电动的你敢开吗？,0,2025-10-17 18:04:14,支持
熊萝卜,超哥就是个自媒体不是官方，人小米那么大公司法务部一堆人，不知道就说不知道，不知道一堆人阴谋论什么,0,2025-10-16 14:09:54,反对
我的初恋a,无所谓了，开这么快迟早出事，还好没害到别人。,0,2025-10-16 03:42:49,反对
leeeeeeeeee,"可以看看大嘴M8发布时候提的车门安全问题, 当时没人关注这些",1,2025-10-17 19:59:15,支持
Mercury弑仙疤,Aeb呢，倒置泄压呢，车门安全冗余呢？[doge_金箍]做汽车跟做雅迪一个思路还真有人买啊,0,2025-10-17 16:48:07,反对
阿尹_-,路走的太快了，需要停下来沉淀休息在出发,0,2025-10-22 00:31:49,支持
大绿豆666,翔翔的价值又体现出来了,1,2025-10-16 08:04:29,支持
鮁魚水餃,多么讽刺,0,2025-10-17 19:20:42,中立
雨邪邪,问下一般车开起来，就锁定车门了，外面是打不开的。万一撞了，会自动解锁吗？,0,2025-10-28 23:16:37,支持
7345942165,有的[脸红],0,2025-10-26 08:39:18,支持
东爱璃的后背君,并非所有的隐藏式门把手都是电动的，有的比如小鹏是物理的，和跷跷板一样，压下这头那头就翘起来了，然后直接一拉（机械的）就打开了。而且蒙迪欧之前坠崖的弹出式门把手也能正常打开,3,2025-10-15 21:06:14,支持
橙子灰机,正常个p 新国标至少2小时不允许燃烧吧,0,2025-10-17 18:52:52,反对
丿于嫒如丨,我觉得电车直接限制最高速度60km/h就好了,0,2025-11-04 23:08:33,支持
sully_T,电池撞击大概率是会起火,0,2025-10-27 23:20:30,反对
go露天冲凉,涉嫌酒后驾车。。。。所以帮忙省了审判，直接给人判了火刑是吧,0,2025-10-15 22:00:43,中立
糟糕小能手,这个撞击会不会导致门框变形打不开，就不管油车电车，撞击后会不会都有这个可能啊(勿喷，我没车就单纯问问[思考]),1,2025-10-17 01:10:03,支持
奥德彪的蕉响曲,为啥没有紧急刹停[呲牙],0,2025-10-16 22:25:18,中立
我为她面向太阳,我就不信一个人没有任何安全保障时在车里以200km/h冲向栅栏能活下来，MD，一群人咋咋呼呼的我就问：200km/h！这tm在车辆测试要的吗？,0,2025-10-16 18:01:09,支持
哟呵呵呵盒,好吵,0,2025-10-16 08:43:07,支持
Sherk_hong,省了火化费[墨镜],0,2025-10-17 08:46:02,反对
快拔掉网线,人死得好。一方面是自己不珍惜生命还威胁公共安全，该死（死的太好了，就该死）。另一个角度是死了引发热点，让大家重视酒驾和电车的一些关注，死的有价值。,0,2025-10-24 18:54:27,支持
龟龟____,那啥车没出过事故呢？[笑哭]纯粹好奇，,7,2025-10-17 20:27:37,支持
野生柠檬啊-,一会咋咋呼呼一会低音麦听着好难受。,0,2025-10-16 05:48:07,支持
七月의懒猫,甲亢式说车,0,2025-10-15 21:48:24,支持
极品小绅士,可是不管是什么车，他妈的酒驾加超速160，横竖不都是个死。这种情况下发生的碰撞，即使是机械结构，有几个车企敢保证说我一定能把车门打开，机械结构的车门打不开，网上视频也是比比皆是啊。明明是人的问题呀。,0,2025-10-18 01:34:17,支持
简单E丶,像我这个关注列表我是不敢说小米什么的，反正是小米好车[支持],1,2025-10-16 08:52:11,支持
此生无悔入中华q,别笑，特斯拉撞了也打不开,0,2025-10-16 18:37:48,反对
北临秆,买小米，酒驾，用户画像对上了,0,2025-10-16 00:09:13,支持
风吹草劲,最主要且最致命的电池自燃你不喷？,0,2025-10-17 13:27:57,反对
ma45900,大手ota,6,2025-10-15 20:04:47,中立
对A要不起00,正常人谁酒驾啊,0,2025-10-16 21:42:53,支持
八尾妖姫,生命 抵不过资本的数据 舆情 形象 诶利益 还是人吃人的呀[大哭],0,2025-10-19 22:46:52,支持
咕嘻嘻嘻,。感觉还不如像禁摩一样，高性能的车禁止进入市区。你追求你的信仰就滚去郊区去赛道，出入市就叫个拖车,0,2025-10-19 15:03:08,支持
riddikuluswen,叽叽喳喳的能好好讲话不…,0,2025-10-16 16:43:18,中立
ToddMark,小米公关看好了，接下来你们可以说，车因为酒驾早就把车门撞死l,0,2025-10-16 18:02:20,支持
言笑晏赝,人死了车贷还得继续还吗，要是人死了家属得继续还贷换来一辆报废的破车那真是祸害遗千年了,0,2025-10-16 11:02:42,支持
追风中年yyy,[doge][doge]敢说车有问题，等着被冲吧,0,2025-10-16 12:30:23,支持
清蒸豆皮,汽车一个夕阳行业 还拼的你死我活 看看人腾讯笑而不语,0,2025-10-16 17:28:19,支持
姬梅雪音,话说追求速度有啥用？就国内车和人那么多，你车速度再快能跑那么快吗？没法跑那么快还硬提速不出事才怪了。关键是有厂商敢这么宣传，还真有人去信[辣眼睛],0,2025-10-16 08:15:29,支持
孙行者汉末闹黄巾,带上米，评论区就炸。,1,2025-10-16 16:41:04,支持
太阳用品,这等于你的孩子都还没出亲子鉴定报告就说是隔壁老王，你孩子不冤枉吗[吃瓜],0,2025-10-16 10:06:20,中立
庙小妖风大t,当场死亡不一定，一定的当场火化,0,2025-10-16 11:41:38,反对
chanblade,5分钟火化，这国标[doge],0,2025-10-15 20:21:14,反对
菜黄兔,人有问题车有问题[笑哭],0,2025-10-16 02:28:26,支持
大表哥氟利昂,200公里不是瞬间刹停吗，怎么会出事故呢,0,2025-10-17 09:23:41,中立
寻春续昼,很多人根本没有思考能力，被别有用心的人一带就人云亦云做了免费水军，实际上结果很明显的，只不过很多人一是带着目的发言，二是没有思考能力。成都这量车后窗已经开了，说明小电池已经坚持工作到把车窗开了，无论有没有车，只要坐过车，都知道车窗降下来需要多久，而车门锁开启就哒的一瞬间，这么长的工作时间不可能车锁没打开，其次，后车窗降了说明已经识别到事故，前窗却没同步降下，说明前门绝对被高速撞击干扰到了，所谓的［目测没有明显变形］根本就是个笑话，目测有用的话要ct干嘛？最后，小米内部是有机械门把手的，如果是因为［断电开不了门］，那么在消防员到达后完全可以从［内机械门把手］开门，为何选择了破拆？因为门变形打不开,5,2025-10-17 15:34:18,支持
秋風辞c,特斯拉 比亚迪再到华为小米 反正谁有流量就放大谁，前两天酒驾死8个咋没人看 因为他的车没流量 哈哈哈[OK],0,2025-10-17 02:29:54,支持
无缺丨,确定吗？酒驾？还有爆料的是这个车吗？或者又是一种抹黑车主的公关？,0,2025-10-16 07:59:47,支持
嘎嘎嘎哈zxc,200公里可以瞬间刹停的啊,0,2025-10-17 21:30:07,支持
草履虫卡斯兰娜,瞬间刹停是我们产品的设计目标,0,2025-10-16 11:13:26,支持
酱三袋,他是酒驾，他可以被拉出来后枪毙，但是不能被一扇门关住烧死！,0,2025-10-15 20:16:53,支持
痛击低智傻X,虚假宣传贴地飞行，虚假宣传加一点油行驶1400公里,0,2025-10-18 12:31:42,反对
喵大人团团,不是有钱人都这么会玩吗？不是哥们儿这么有钱还要这么瞎搞图什么啊，想赛车去赛道啊，这么有钱唉真可惜了,0,2025-10-18 11:32:13,支持
走完长路跨越时间,小米这车真不行，车门都打不开，安全气囊也不弹。,0,2025-10-17 13:25:08,反对
峨眉峯,尸检报告出来什么都知道了,0,2025-10-15 20:08:31,中立
星月妙,地盘没有钢板，地盘又地，电车摩擦起火，又是里三元的电池，烧起来温度特别高，坐在电池上开车，底盘一擦，直接火化,0,2025-10-17 14:09:17,反对
事本常态阿,200km/h瞬间刹停呢，救一下啊,0,2025-10-16 11:04:43,反对
亦善若水,照这个速度开啥车撞车能不死呢？装甲车吗？,0,2025-10-17 14:41:32,反对
背后有神助,状态不好停下来休息一会都行，千万别硬撑，这样很容易出事，喝了酒更是别开车，真的是找死[笑哭],0,2025-10-18 09:38:48,支持
樱花让蓝雨,现在电车的车门设计的都真畜牲啊，现在打到好多网约车都不会开门，等到出事故了直接等死,0,2025-10-16 12:02:04,中立
彡獭祭鱼ミ,up你能不能别喊了……,0,2025-10-17 16:12:01,中立
dofunfood,半夜2点半508人在看。小米和雷军很多视频看了很气愤，号称自己很重视安全，但是宣传的都是为安全减配所谓的美化，恶心至极！一生不敢买小米和坐小米[生气_金箍],0,2025-10-16 02:32:43,支持
唐落晨,200公里可以直接刹停，多牛逼[喜极而泣][喜极而泣][喜极而泣],0,2025-10-16 03:04:32,中立
金豆大粉丝,目前国标5分钟外允许烧 明年国标2小时外允许烧 所以说现在买电车的人 怎么说呢？呵呵！,0,2025-10-16 07:03:13,反对
眼下皆星辰,骨灰级米粉,0,2025-10-16 11:53:52,中立
湘零烟雨,累总：200KM刹停,0,2025-10-16 03:34:38,支持
寻觅静痕,酒驾就该死。他不死死的可能就是别人了。,0,2025-10-17 20:39:44,中立
立夏立夏立w,车这玩意，你这人有问题，多牛的车给你开都一样出事。你要人老实，这车很多地方确实不成熟，但也都是小毛病，带不走你的命。但你这人不老实，车又毛病多，啧啧。,0,2025-10-15 22:32:32,支持
不记得-了,我现在就先不管这个车到底咋样，就这种超速这么多的要是给救回来，这次只是自己受伤，那下次呢，就这种人救回来要是再超速把别人撞死了呢，喝酒开车还开这么快，说一句该死也不为过,0,2025-10-16 13:09:31,支持
wuyoutianxia,小黑子，明显是车主饮酒过度，酒精燃烧烧了车子，坑死我米了,0,2025-10-19 15:30:46,反对
不过是场意难平,这次事故炸出来多少没常识的人，还问查出酒驾的。你怎么不问问考古学家怎么确定化石是时候的呢[吃瓜],0,2025-10-17 14:20:21,支持
山海来自人间,移动棺材[doge_金箍]自带火化功能[滑稽],0,2025-10-17 15:10:39,反对
见牛寻牛,还真指望这帮子企业家把人当人啊，不说汽车，单说饮食，用真材实料，少放点添加，都算是圣人了,0,2025-10-18 10:46:54,反对
梯云纵生太极被剑飞,营销半隐藏式门把手的时候宣称比隐藏式安全，结果人隐藏式门把手各个都有机械结构，你半隐藏式门把手反倒只整了俩电子微动开关[尴尬][尴尬]，这就是小米啊,0,2025-10-17 02:52:50,反对
bgujknf,甩锅车主超速的，那为什么160时速撞击安全气囊不弹开呢？为什么这垃圾车处处埋雷呢,0,2025-10-16 11:02:25,反对
隐秀指瑕,[笑哭]虽然讲得可以，但是每次开场都那个一惊一乍的语气让我很不舒服,0,2025-10-18 00:37:42,中立
34357877709_bili,人没啥问题 别胡扯了,0,2025-10-17 19:56:13,支持
给我一只驹,烧了还查个鬼,0,2025-10-16 07:56:39,反对
RTX3090战略核显卡,跟空中浩劫一样，各种buff叠起来导致的事故，不是说驾驶员喝酒了就一定只有驾驶员有问题，有些人拿酒驾就把其他的因素故意忽略了，非蠢既坏,0,2025-10-16 13:13:23,支持
痛打血统论,无齿公司，草菅人命的公司。 我瞎了眼了，手机先用米6，现在用的米13ultra。 两次打不开门，共造成4亖，这不是草菅人命什么是?,0,2025-10-17 02:07:24,支持
48822813666_bili,对于国内新能源品牌来说，死几个人算什么呢？宣传的五花八门，各种乱七八糟的功能，又是开车能K歌了，又是开着车主驾能看电影了,0,2025-10-17 18:31:05,支持
溯星夜没,最幽默的是，当初一堆人吹小米的半隐藏式门把手是机械结构，比别家的隐藏式门把手要好，小米自己也下场吹多好多好。结果里面居然就是两个微动按钮[藏狐]有就有，没有就没有，假装自己有其实没有是真的恶心,0,2025-10-16 16:13:52,支持
若我是猫,老弟，人血馒头不是你这么吃的，标题说深度分析，然后就放了几个网上视频和交警的通报，然后开始煽情，开始大喊大叫，开始强行表现求生欲，搞出一种受迫害的样子,0,2025-10-16 20:10:33,支持
小龙不系小龍,就前边那几句话，脱粉拉黑了，酒驾和门打不开是两码事！,0,2025-10-18 23:10:15,反对
OAO丶OAO,好端端的机械机构车门不做，近几年新能源全搞些什么电动门，真的无语了[笑哭],0,2025-10-18 18:39:53,反对
不能叫及格图书,这up说话和打了鸡血似的,0,2025-10-16 09:10:13,反对
温柔耿鬼,给蹭流量点赞,0,2025-10-17 01:24:25,中立
喵喵拳打你噢,都已经是首富了还在把赚钱当第一目标，完全没有一点企业家的当担，究竟是个人思想格局太小还是企业文化格局太小？天天都在想着蹭风口赚快钱[喜极而泣],0,2025-10-17 14:42:25,支持
狗不理迟石,小米速度乱搞快，操控esp又差容易失速撞，然后撞了之后门开不了，还自燃,0,2025-10-18 09:22:25,支持
妮玛扎拉,全程只提速度不提车架没有严重变形的情况下打不开门[doge]你是想洗地吗？,0,2025-10-16 18:20:27,反对
睡不醒的困困包,就现在的车那个转向灯，一个比一个小，还安全第一呢,0,2025-10-17 17:04:23,支持
狗子泉,喝车不能开酒，发生车祸，喝进肚里的酒还助燃，烧的更旺了。,0,2025-10-19 12:30:13,支持
寒蝉的沉默之息,为什么非要喝酒开车呢，是觉得自己的神经不会受酒精影响吗？还是说开得起这么贵的车，却叫不起代驾？还是说自己的命别人的命都不值钱？还是说酒驾被查了被拘了也能无所畏惧？特别讨厌酒驾的，在我看来就是想自杀然后随机拉一个垫背的,0,2025-10-16 12:14:36,支持
磊哥echo,就不能好好说话吗？非要用这种直播带货的口吻在说话,0,2025-10-17 23:59:23,支持
耿晦之,之前三月份还是二月份吹小米的时候你可不是这个态度[喜极而泣],0,2025-10-17 09:42:16,支持
宸崇,大部分都是人问题（不管油车电车）,5,2025-10-16 08:30:05,支持
红龙图腾,又来了，混淆视听是吧，救人的那几个兄弟说了，他们砸车的时候，人活着！,0,2025-10-18 16:17:31,支持
nannyuki,哪有什么绝对的黑白，人和车都有问题（人酒驾飙车，车开不了门）现在人都是二极管吗？[吃瓜][吃瓜],0,2025-10-17 17:17:43,支持
苍天rao过谁,现场车辆外形肉眼都很难看出变形，真有米粉相信速度150，200？去看看120车辆撞击后的照片吧[呆],0,2025-10-16 13:38:37,支持
bili_79975789725,不能好好说话吗？,0,2025-10-17 21:57:52,中立
嗨豹丶jpg,忘了在哪看到这样的观点：喝两杯马尿就能让车门打不开了？,0,2025-10-18 16:51:42,支持
专动资本的蛋糕,天灾死了多少人，你怪过天，怪过地吗[滑稽],0,2025-10-16 10:21:42,反对
黑枕蓝鹟,喝酒开车就是找死,0,2025-10-16 08:38:26,支持
山泉小溪,真搞笑，高密度电池几秒钟把人烧成碳，门又打不开，车子成杀人机器了,0,2025-10-16 12:50:14,反对
willcharlie,这都比警察分析还快啊。不去造车白瞎了人,0,2025-10-16 02:09:58,反对
不冲铁三不改名,说了半天等于啥也没说[笑哭],0,2025-10-17 14:31:12,支持
萌酷霸,好家伙，团建了这是，甚至还有给牢翔洗白的,0,2025-10-18 00:18:43,支持
徐州沛县爱狗协会理事,为发烧而生[妙啊],3,2025-10-16 15:52:19,支持
及自己哦,雷总：轮毂是最难做的,1,2025-10-16 15:06:36,支持
Arucard9999,2025年了还有人在扣涉嫌这个字眼？ 你在众目睽睽之下当街杀人，在作出判决前也依然事嫌疑犯。,2,2025-10-15 20:33:28,中立
不爱起床のArrebol,两百公里的速度碰撞下人当场必死，哪怕是F1都很难平安无事，这个速度下车子没有变成饼已经很说明含金量了，至少没有见过两百多公里碰撞下车子完整度比小米还好的。,1,2025-10-17 01:55:14,支持
倚树赏云,[鼓掌][鼓掌]每次小米出事就是车媒体人的狂欢。对比一下播放量就知道了，【无法紧急打开车门，三人烧死在特斯拉车内】 https://www.bilibili.com/video/BV17zWMzwE63/?share_source=copy_web&amp;vd_source=5138d9fc1f141c149e8c7b00a24becb8,0,2025-10-19 23:34:53,支持
周游列国的儒学家孔丘,200km/h很快吗？军儿说我们可以瞬间刹停的。[OK],1,2025-10-17 03:48:17,支持
Big_灰灰,小米我就感觉还在用造手机的思维去造汽车，重点放在外观个性，功能花哨，而非传统车企注重的安全实用，功能稳定，买小米的车主也肯定会有很大一部分是按照买手机的思维去买这车的[微笑][微笑],1,2025-10-16 13:09:22,支持
刘咕噜犊子,气泡音➡炸弹💥 ➡低音细语➡上升➡炸弹💥 ➡低音 ➡爆爆爆💥💥💥 ➡下降 ➡再下降 ➡悄悄话 ➡狂轰滥炸💥💥💥💥💥💥💥,1,2025-10-16 15:17:27,中立
挚狐,开车不喝酒，喝酒不开车🙏🏻安全第一,1,2025-10-17 14:40:09,反对
应未远,最后一期了 合影留恋,3,2025-10-16 10:49:28,中立
我是个爱国的人,顶级跑车首先是碳纤维车身，其次是开得起的人都惜命，最后人家再不济，包不了私人公路，还玩不起专业赛车场地吗？而且人家造车，虽然溢价，虽然赚黑心钱，但是人家在保护这些有钱人公子哥的命这方面可不敢含糊，一点不敢疏忽。,0,2025-10-18 00:00:11,反对
光枫游目,不理解为啥电动车的车门也要搞成电动的，车门而已相比机械式又能省多少力呢？,1,2025-10-15 20:40:53,反对
隐姓埋名左,@小米品牌安全 @小米公司 有人质疑汽车最重要的不是好看[墨镜],0,2025-10-17 10:22:28,支持
碗碗都是红烧肉,物理开关最重要的是如何让别人一眼就看出来那是个物理开关，现在很多物理开关都伪装的跟个车门装饰一样，自己知道，但第一次见这个车的人不知道，不知道这怎么施救，国标还应该规定一个，车门车内物理开关必须在窗户下方几厘米的位置，可以在外部破窗后，胳膊伸进去手能直接够得到，并且还能看出是个明显的物理开关,1,2025-10-17 07:01:15,支持
JerichoZ,是不是车主当时用了辅驾，自己虽然喝酒了，但是靠辅驾没问题，结果出事了,0,2025-10-20 15:48:14,支持
喝到没味的茶,新时代鬼火[笑哭],0,2025-10-29 01:47:59,中立
1997年的春天捞,三元高端论是谁提出来的,3,2025-10-15 20:08:16,支持
Rtas_Vadumee,这几个救人的小伙真是好人啊,1,2025-10-17 18:38:43,支持
HARRYHARRY123456,微动开关 [星星眼],0,2025-10-21 23:56:29,反对
喃娘宗宗主萧楚楠,刚买车的时候就整个割安全带的破窗器，开车从不超过130，困了绝对不敢开车，我太怂了，还想活[呲牙],0,2025-10-25 10:43:55,支持
天空的蚕,建议上车前增加酒驾检测，主驾驶人脸识别吹一下，不酒驾才能启动。酒驾启动后，车不能行驶，并自动给交警部门报警。,2,2025-10-15 21:05:07,支持
虎哥还我徒弟,我觉得开关需要统一,0,2025-10-21 19:04:03,反对
Mr唐吉诃德,小米烧成米饭了[藏狐],1,2025-10-16 00:18:19,支持
At秋-,小米还有售后，把司法程序都省了，这不是挺好的,0,2025-10-29 03:59:40,支持
北乡子,要是正好有公交车路过就好了 上面有破窗器 灭火器。,2,2025-10-17 17:18:11,支持
天府仙人,华为又不造车，提华为干什么？,0,2025-10-23 13:14:42,反对
节能灯,不管这事故是谁的问题大伙还是得记住再开再安全的车都不要放松警惕，安全驾驶不仅仅是在对自己负责也是对你的家人和社会负责,1,2025-10-16 15:03:32,支持
一位-初学者,不过是前两年刹车失灵的风，现在吹到小米了，以后也会轮到别的品牌，就是个互联网时代的流量反噬，但大部分人都深陷其中，我当初相信特斯拉，现在也相信小米，特斯拉法务部成立时的个性签名每个人都适用：“独立思考，明辨是非”,0,2025-10-19 01:12:54,支持
弹幕许愿的啥13,666光速OTA,3,2025-10-15 20:08:18,反对
青楼一把剑,这我就要说了，我的思域没有自动落锁，好像是本田全系列都没有这个功能，就是那种开150，你只要不手动锁车，你立刻能拉开车门的那种[笑哭],32,2025-10-15 20:53:08,中立
干死老梁的搬运者,现在流量就靠吼吗？,0,2025-10-23 11:02:00,中立
今夕泪朦胧,这不挺好吗，这种酒后开车还飙车的出生，我小米汽车直接给你清除啦[doge_金箍]，省的之后祸害别人,0,2025-11-06 18:01:29,支持
旿語-,强制普及机械外漏门把手，势在必行,0,2025-10-22 18:26:21,反对
就在_明天,这回过135了，AEB还是没有触发。,1,2025-10-17 18:09:29,中立
某日常的珈百璃,视频配音能不能别一惊一乍、时急时缓，音量忽大忽小，听着太难受，太造作了,10,2025-10-16 11:32:57,反对
sasukiki,[笑哭]我觉得小米这种半隐藏的外观挺好的，但能不能做成机械的啊直接往上提不好吗，按道理这样也不加风阻啊,14,2025-10-16 00:28:27,支持
pclitchi,五花八门，没有应急通用性，可悲可叹,0,2025-10-20 22:43:37,中立
亿点热的夏天,技术不成熟都拿出来卖。,0,2025-10-22 18:11:15,反对
ArthurArvin,所以，造车卖车不仅仅是赚钱，还是在草菅人命吗？,0,2025-10-22 09:42:00,中立
cgyujjgf,虽然但是，某界崴脚，不服跑个圈，我们被友商黑惨了,0,2025-10-18 13:30:13,中立
大道之橘,酒驾保险都不赔，要怨只能怨他自己。,0,2025-11-07 22:07:30,反对
澜楣不是蓝莓,我真服了，一群不知道受没受过教育的人，居然连“涉嫌”两个字也扣字眼，一点常识都没有啊？你在哪个警情通报上看到的不是“涉嫌”？公安机关没有定罪判刑的权力，只要法院没判就都是涉嫌你知不知道啊？,0,2025-10-31 07:06:27,支持
悠穻,小米的流量真好吃૮₍ᵔ⤙ᵔ ₎ა,0,2025-11-01 01:59:27,支持
我菜但不徐坤的大冰,我说一句 你开车喝酒死了我还得鼓个掌 别伤害无辜的人就行,0,2025-10-21 09:16:10,支持
天鹅座的黑洞X-1,"说实话,什么车能200公里保人命？只不过在讨论暴露的问题",14,2025-10-16 01:08:32,支持
saberJiII,看个视频真要吵死了，能不能小点声啊[大哭],0,2025-11-02 03:36:50,反对
CIKNtt,求问一下，小米跟其他品牌用的都是宁德时代三元锂，他们的电池安全跟寿命是一样还是不一样[初音未来_问号],4,2025-10-16 00:59:00,支持
沧普昆云君,是我忽悠东雪莲和孙狗用《三 国 杀》让三体人控制质子来黑小米的,0,2025-10-20 08:31:48,支持
jxbc123,你怎么不去质疑京东秒送啊，还有很多很多事例。天天刷到在这搞小米，都是一样的内容一样的故事天天轰炸，烦不烦人啊。你们对小米有意见就去质检工商，还有消协啊。,0,2025-11-01 15:10:53,支持
千禧夢,人有问题，车也有问题,0,2025-10-25 15:16:51,支持
mh500101,警钟？敲多少次了你看他动一下不？警钟敲多了雷总还以为在过圣诞节呢,0,2025-11-03 10:18:23,反对
菊下之丞,酒驾！！弹幕发绿化带战神有啥意思？？这纯黑么不是！,0,2025-10-31 10:24:21,支持
冥冥中乐匆匆,想到以前刷到的视频，一个大爷在吆喝，谁tm买小米儿,0,2025-11-02 01:03:42,支持
超合金Frank,有些人脑子呢？死后烧成灰不好测酒，那他生前去了哪里，路线是什么，一调查不是一清二楚？说涉嫌就是法院程序没走完，他死了又不能第一时间签字而已。[热词系列_啊?],0,2025-10-26 12:11:59,支持
龙吉诃德,买电车就是好，出事带火化的,0,2025-11-02 21:19:25,支持
二哈主人大哈,开车喝酒不是找死，是害人害己！,0,2025-10-23 12:31:14,支持
彬彬有礼1998,一句话：“要开车就别喝酒，喝了酒就别开车！”出事情第一时间先追究驾驶员然后才追究车企的责任。之前安徽那个车祸也是，这些人是真的对自己的生命不负责任，开了车就要对自己生命负责，还开车的时候睡大觉，你想睡你不能开服务区里去睡，睡够了去洗把脸再开吗？一个开车座椅放B柱后面睡大觉，一个开车前喝酒，三令五申那么久了怎么还劝不住一些该死鬼？,2,2025-10-16 14:30:01,支持
崔达则,@雷军,0,2025-10-17 06:25:59,中立
一下雷阵雨,@小米公司 @小米品牌安全 @小米汽车 @雷军 有人黑小米,0,2025-10-16 14:16:14,支持
丨断魄丨,@雷军 @小米品牌安全 @小米公司 进来学习一下,0,2025-10-16 12:56:27,中立
-ALLIN_,看到评论区这么多喷小米的我就放心了，说明小米这个车是真做成功了，小米华为这些品牌已经取代了特斯拉在圈里的生态位，两年前电车天天上热搜的都是特斯拉刹车失灵啥的[笑哭],0,2025-10-16 02:21:54,支持
盛了个宇,粉丝表示这期有点太春秋笔法了[笑哭]太不客观,0,2025-10-24 20:07:16,反对
INFJR,酒驾200公里锁门烧烤这是好事儿啊,0,2025-10-20 08:12:07,支持
橘子の白丝,车门都打不开怎么知道是酒驾,0,2025-11-03 02:40:04,支持
讨厌的蜥蜴,[嗑瓜子]这up不是那个外号敲个der,0,2025-10-20 23:21:54,中立
地批最严厉的浮琴,米这下应该要被强制召回了吧,10,2025-10-15 20:30:28,支持
路飞驶向新世代,门把手最好还是保留机械的，真的出事故，还好救援。,1,2025-10-16 11:21:39,反对
雪谷狄云,为发烧而生,0,2025-10-21 01:43:10,支持
迷雾中的一些灯光,。你就是纯铜墙铁壁速度上去撞了变形也打不开啊,0,2025-10-29 14:19:11,反对
绘心米卡,200到0瞬间刹停，你说是车的问题吗[doge],0,2025-10-20 15:48:15,支持
无言以对的哑巴,这位真成了小米的发烧级用户,0,2025-11-02 00:22:17,支持
天空上飘,装死了[doge],0,2025-10-20 23:36:24,中立
MC沙雕张大炮,“诶，不是说两百公里瞬间刹停吗”驾驶员酒驾没踩刹车它怎么停?弹幕为什么都在黑小米,0,2025-11-06 12:08:13,支持
小胡小胡hu,这个up主说话好有激情，好羡慕,0,2025-10-20 19:43:08,支持
夜雨落桥西,我想知道正常的车能不能打开,9,2025-10-16 17:53:09,支持
生无恐,你不敢说的。会下架，瞎比比,0,2025-10-20 00:31:53,支持
bili_60576767508,那个被小米送进去的up有点画蛇添足，要是不去弄什么电瓶，直接摆事实（撞车后，门打不开），那就什么事都没有了，还能有一波流量。,0,2025-10-21 00:12:54,支持
披着纸皮的羊,人和车都是个东西。,0,2025-11-04 19:20:12,中立
LorewalkerF,这个门把手啊，一定要能拉开车门,2,2025-10-17 00:51:14,反对
万碎爷-法斯,这里后车窗是降下来的，为啥好像前车窗没降,16,2025-10-15 20:48:04,支持
我叫辰凡凡,遇到你说的这种情况基本降速慢慢开别着急了,0,2025-10-21 10:07:08,支持
Ramdom-E,其实车不管是主动安全还是被动安全都很重要。我的问题，上次我上完夜班掉头的时候精神不是很好。差点冲到路边的障碍物上了。但是问界直接硬是拉我的方向盘把我拉回来。甚至拉了两次。,17,2025-10-15 20:30:54,支持
童年时光和梦想,挺像几年前的byd，一堆车企围攻[doge_金箍],2,2025-10-16 02:56:03,支持
支影影,醉酒开车不该死么[吃瓜],0,2025-10-20 12:24:40,中立
谢斯菲尔德,机械式的门把手在自动落锁后，出车祸如果小电瓶坏了没有自动解锁，外面的人是咋开车门的,8,2025-10-16 08:15:18,支持
柒壹晖晖,小米su7没有机械把手，但小米yu7却有机械开关，不明白为啥这么干,2,2025-10-18 15:27:51,中立
水银绮晶,这潜移默化的引导牛啊，为什么一开始就说人肯定有问题，官方公告难道写的不是“涉嫌酒后驾驶，事故进一步调查当中”，难道说是就变成确定了？ 然后还拿别人回复来当证据，那么别人发的留言被证实是确定了？[歪嘴][歪嘴],0,2025-10-19 23:22:15,支持
哈库啦玛咜咜,酒驾+超速，不管是怎么死的，反正就是该死[doge],0,2025-10-20 12:41:05,支持
鲸一落海不言,隔天又有酒驾装死七八个人，然而没人讨论车型,7,2025-10-16 07:49:54,支持
阿笨hehe,我怕死，所以我买奇瑞[doge],1,2025-10-15 20:37:20,反对
你买个der你买,后窗玻璃是降下来的，是撞车前降的还是后降的？,6,2025-10-15 20:31:30,支持
学小塞拉芬妮,今天开车被辆大车别了一下，当时就上头了，但是五秒钟就冷静下来了，千万不要跟人斗气，想想就后怕,0,2025-10-20 18:54:36,中立
别给我推广告了,按限速开能被滴死，在网上还会被别人骂龟速车，遵守交通法则太难了[doge],2,2025-10-19 02:16:58,反对
52078134549_bili,人，车都有问题。总之，出事的大部分都是瞎搞，装什么失败。对车的性能，极限，路况对车的约束力没有一个完全的了解、掌控，最后综合出来就出事。已经不是一次了。真的要限制，各种区域强制限速。,0,2025-10-21 10:37:52,支持
呼吸决定S,能不能设计那种 装置可以炸开车门的设计 就像战斗机舱盖砰的一下弹飞的设计,0,2025-10-21 00:47:27,支持
琉璃悦心,时间会给出答案[藏狐],2,2025-10-16 16:24:56,支持
雨上欧尼,刮个底盘就死人，夸张，车门反而是最小的问题，换油车来也不一定能解锁，当然纯电控肯定不行，问题是怎么刮个底盘就起火断电？所有关键部件全在底盘？全部裸着？那可真巧,1,2025-10-18 14:21:37,支持
极乐净徒,真的好不理解，隐形门把手和那个全景天窗是为了什么？ 真是一点求用没有，还死命的追求，尤其门把手，真的无法理解车企思维,0,2025-10-20 23:07:37,反对
一原来如此一,反正就很吓人，屁股底下坐着这么个大炸弹,0,2025-10-20 12:53:33,中立
秘密时代,B站还有这功能,1,2025-10-16 13:56:02,中立
伊伊伊伊花,现在的车机都自带导航，那可不可以根据用户的行动轨迹判断是不是酒驾了，就这市区高速，车还剧烈晃动，导航肯定能检测出来啊，检测出来弄点手段，比如限制最高速度，或者弄些数学题不算出来不许启动啥的，酒驾肯定算不出来，清醒的还能正常开,4,2025-10-17 18:03:04,支持
热情的张荡荡,看到这个突然想起来以前高速那个 Mpv 好像也是拉不开车门，后续再也没看到了😮‍💨新闻热点太多了，好多事情悄无声息就过去了。,1,2025-10-15 21:51:29,中立
风ららら,规定里的门能打开的前提有写“非撞击侧”，还有速度上的规定我记得是50码以下吧，成都事故是超速+整车翻滚，没有车企能保证门能打开吧？包括起火时间规定的前提也是在一定速度以下的，具体记不清了懒得去找了，为什么只字不提呢,2,2025-10-17 19:10:26,支持
一派小星一,但是里面驾驶员不解锁车门的情况下机械门把手从外面硬拉就能拉开吗🤔,0,2025-10-18 22:55:21,反对
icehuman-all,有博主去年就分析门把手预言落水、起火有可能打不开门 https://www.bilibili.com/video/BV1CstpeAEP3/?vd_source=aad39637ab93b179a050c2dae1b98d08#reply279695083584,0,2025-10-19 15:22:44,反对
牛奶味的猫33,新能源汽车还能买嘛各位，最近想入手一辆比亚迪,16,2025-10-16 07:19:44,反对
百里秦歌,没号的事情即将发生,1,2025-10-15 20:06:04,支持
祝B站越来越差劲,怪我，不关雷总的事[委屈],3,2025-10-15 21:02:28,支持
back2reality,还没买车的兄弟真心奉劝一句等等明年新车或者买现有不是隐藏式门把手的，毕竟如果你卖车的话到时候市面上都是机械把手，买家不会在那听你什么自动弹开之类的话,0,2025-10-17 18:29:36,支持
邮件seaver,我的车想开到160都要有几公里的飞机跑道才行[笑哭],1,2025-10-18 08:17:02,支持
平平无奇修仙人,up后面说的那个我就是那样做的，开车碰到不顺我就警醒。,1,2025-10-18 13:14:11,支持
咸甜味的波波芋圆,那不满足新国标的汽车可不可以合法上路， 买的电瓶车 刚上路就说不合法 被收走了。 不知道汽车是不是如此[doge],2,2025-10-16 08:07:18,反对
44老jo厨44,那要是锁车了没解锁锁车键呢？,0,2025-11-05 07:14:54,支持
70181,雪天这个，东北老司机经常，此时，轻带油门，不要踩刹车，按你去的方向，小幅度修方向，不要大幅度转方向盘。剩下的，交给汽车，四驱，和四季胎。家里的车都是四驱，落地先安排一套倍耐力四季胎,0,2025-10-20 16:07:21,支持
JacquesWong,车头都是完完整整的，车烧干净金标都是好好的质量贼好呢哪里来的变形，估计是那个撞击断电功能把车门电也断了，要么就是小电瓶电源线松动了导致无法解锁。爆燃也是不合理的,0,2025-10-20 08:32:40,支持
硬币山岭丶过牌大帝,限制燃烧时间这事我不理解啊，他是什么情况下都得在五分钟之后烧吗，这是不是不太合理啊,1,2025-10-16 10:29:34,反对
阿元巨靠谱,补档了？,1,2025-10-15 20:08:27,中立
晨早起床点知甘鬼冻,传统门把手就有用？不见得吧。 【雷克萨斯车祸后车门全锁死 路人砸窗仍来不及救人-哔哩哔哩】 https://b23.tv/FA8UFPq,8,2025-10-16 21:00:44,反对
齐天大善,这,0,2025-10-19 21:29:32,中立
徘徊的诺亚,那么多车 怎么就这个人出问题了,1,2025-10-18 00:23:44,支持
爱咋咋地ol,保险公司陪吗？,1,2025-10-19 15:53:27,中立
蹦里咯蹦,没恶意，评论区有意向买某米车型的人吗？,0,2025-10-16 10:37:11,支持
币圈自由人,个人觉得装一个这个玩意不是更好，并且成本应该也不是很高吧。哪怕就算成本高。 其他人我不知道。我是完全可以接受,0,2025-10-20 20:33:36,反对
迷失八度ten,YU7有应急把手，为什么su7不给一个。,12,2025-10-15 20:16:37,反对
道德权威,“小米su7 冲！”这不是你说的吗？哈哈,1,2025-10-16 20:27:21,支持
御剑夜闯寡妇门,求推荐车型啊各位大佬们：1预算20-30个之间 ；2纯电车型；3牌子靠谱，没有倒闭风险，不考虑小米（等不起太久）；4有hud（馋好多年了），有零重力座椅（中午要在车上午休）；5智驾无所谓，我喜欢自己开,11,2025-10-16 16:35:58,支持
约会大作战yyds,建议把车门门锁设计成断电自动解锁，不是像开关一样，通一次电改变一次状态，而是只有一直通电这个车门才能保持锁定状态，一旦收到外力，电池断电，门就自动解锁，就像用电机压一个弹簧，一直有电，这弹簧才能保持压缩状态，断电自动弹回,7,2025-10-15 20:34:23,反对
我爱的是你鸭,超哥除了买车这事，为人处世这块也是很值得信赖,0,2025-10-21 01:10:36,支持
TV哥哥,很客观的视频，可惜评论区并不认可 实际上小米汽车也保留了机械结构，不过救援人不知道怎么用 比起认为这次的舆论是这一件事导致的，我更愿意认为是小米用户的长期不满爆发了，不然就只因为这一件事的话，未免太荒谬。,19,2025-10-25 19:28:20,支持
重力梯度仪不让买,唯一的问题是，这种车为什么要设计的像是阻止第三方救人的样子哪？,2,2025-10-16 03:28:00,支持
敕勒川下的大草原,什么往下。[doge]物理化学告诉我们，燃烧现象是正在反应的高温放热的中间态等离子云内部的电子云吸收反应焓被激发振动从而发光的现象，差不多是这么个意思。而流体力学告诉我们，发热的东西一定膨胀，而热膨胀的流体一定往上跑[doge]你tm见过哪个火是往下烧的…哪怕是喷射火焰的方向向下，它也会自己拐弯跑上面去,35,2025-10-15 20:36:31,支持
鲸落星河哩,汽车能不能像战斗机一样在车门四周安装导爆索紧急时刻起爆炸开车门，然后把导爆索威力调整到刚好炸开车门而不伤害驾驶员和行人，启动条件调整优化确保不会误爆[微笑],0,2025-10-17 19:46:24,反对
PomeloSt,还好我买的特斯拉[笑哭],1,2025-10-16 10:49:27,支持
草履虫666,新国标是对新上市的限制，还是对2026.7.1后所有车辆的限制,3,2025-10-17 10:19:04,支持
国米坦克,门打不开的问题困扰我好多年。 以前门弹不出来，别人告诉我是里面的转动皮条老化了。用针挫旁边的小洞就能打开。 要挫了半天才能拿出我心爱的光碟。,2,2025-10-15 20:26:25,支持
浪材,小米这个隐藏式门把手即不安全也不省成本更不好用，设计真的败笔，第一次碰到实物的时候直接一个震惊，咋还能搞出来这种设计[笑哭],5,2025-10-18 00:18:27,反对
S3eetW1ne,现在又来一个问题，翔翔是被冤枉的？,2,2025-10-16 12:00:03,支持
風舞葉,纯电动的还有谁？小米，极氪，极越，还有吗？,1,2025-10-15 21:24:28,支持
此身飘零久,这集好像看过,1,2025-10-15 20:06:12,中立
一只在校蒟蒻,400km/s瞬间撞停哪个车能开门😡,1,2025-10-16 11:54:02,中立
洛鸢綾,车有问题，人也有问题，这次事件我认为人的问题更大。但凡车速80码以下我不信人救不出来。,3,2025-10-16 12:27:53,支持
宗晓阳,我咋觉得我看过呢[笑哭],2,2025-10-15 20:27:17,中立
恩泽故里东方一片祥瑞,@Xbunny 就问你燃不燃吧,1,2025-10-16 09:23:11,支持
该昵称使用者已爆炸,还看到视频说雷军准备上电控刹车，是不是到时候电路有问题，连刹车都用不了？,1,2025-10-16 04:29:37,支持
aP囝,我买了两个破窗器，不知道为什么现在人车里面真的一个都没有，以后厂家在安全带那边出厂备一个得了，每次看这种视频都是用最原始得方法敲、砸车玻璃得。,0,2025-10-17 19:40:56,反对
梅加迷弟艾嘉伟,一开始看半隐藏的我还想当然以为是肯定有机械结构的，毕竟那会儿都在喷隐藏式门把手，结果从外面是纯电动开门，当然相比于隐藏式纯电动比更好，但是纯电动真的不如机械的耐用。在这个事故中，机械的能不能起到作用也难说，150超速太多了。,1,2025-10-15 20:14:05,支持
熙熙攘攘我们的城市,问界m9的车门也是这样吗？刚准备去提出这事。。。都不太敢买电车了,3,2025-10-20 14:05:05,支持
三高凉介,我看评论区，大家都好像对酒驾没什么感觉。我看到这个通告的时候，我是直接骂这个人该死的，因为我哥就是被酒驾的人撞残废的，18 年 大年初二我哥想多赚点钱，晚上跑会滴滴，被一个酒驾的人撞了，胃和肠子被撞废了，躺在床上很久，出院之后人也变成皮包骨头了，我恨所有酒驾的人，他们该死。他们破坏自己的家庭，破坏别人的家庭。,0,2025-10-18 15:31:13,支持
小李与大飞,这个其实很简单，就算他酒驾，他开油车也要被撞死，但是他不应该被当场火化才是重点,0,2025-10-18 23:06:22,支持
GoodForYou0,你有以下品牌可选：奥迪，奔驰，宝马，丰田，本田，起亚，大众，福特，雪佛兰，等。,1,2025-10-15 20:18:50,支持
我算哪款小饼干,雷总：在这里解释一下哈 200瞬间刹停，指的不是车哈，是人的瞬间刹停[吃瓜][吃瓜][吃瓜][吃瓜],0,2025-10-19 16:21:59,支持
黑色の小黑,小爱同学识别到该用户喝酒且超速，判定为法律无法制止，但是我能制止的恐怖分子，特意把车门锁死以绝后患，这波我站小米！自然淘汰！[doge_金箍],1,2025-10-16 08:28:51,支持
傅里叶遇上拉普拉斯,吉利银河L6 L7就是安全做得好，但是没销量[笑哭],0,2025-10-18 14:09:25,支持
在肯德基吃McDonald,补档了？,3,2025-10-15 20:45:16,中立
沟壑难平难平,看看小米门把手拆解视频[doge]就知道该骂谁了 现在的新能源还需要很多人命经验，过几年再买车吧,1,2025-10-15 20:12:21,支持
司伍依,目前看到的视频，好心路人都是在驾驶位寻求破窗救人的，而在路人拍摄的视频中能看到后车窗是下降的，证明全车解锁确实已经打开了窗户，但前车窗没有，依旧需要人为破窗，车窗显然是卡住了的，但车门具体是因为被卡住还是缺乏机器开关导致的没能打开，不得而知,26,2025-10-15 20:29:44,支持
轮日妖皇a,行车就自动落锁的物理门把手撞车了，里面不按解锁外面也能打开吗,2,2025-10-16 13:16:10,反对
日本岛主,大家给我推荐一个牌子，我需要拉个牌子的车，没有出过任何事故，任何都没有,0,2025-10-18 18:08:57,支持
十六點半到家,公告不是说了醉酒驾车时速超过 160，怎么这个也能莱车和车企？,2,2025-10-16 21:07:07,中立
那我谢谢你喔,超哥能不能给荣威m7出一期,2,2025-10-15 20:02:26,中立
aucnsir,我一零年毕业，毕业后就进入汽车销售行业，前后加起来有近十年时间。这么些年的从业经历和经验，导致我的驾车风格整体偏向稳重，但毕竟是年轻以及有时的工作需要……还是会有一些飘的时候。家里提第一台车的第二年（一八年），我驾车载着我母亲从市里大姨家返家的路途中出了一次追尾事故，给我惊了一身冷汗…自此之后一直徘徊在脑海里以警示！,19,2025-10-16 19:02:53,支持
赤色1203,要把秦始皇气活了，2025 年统一门把手都做不到？那么多款车各种各样的奇葩打开方式，有的车主都不一定知道，我们路人更不可能知道了,0,2025-10-19 09:52:42,支持
棋山棋山,越自动化的东西隐患也多，就拿一个前些年有个自动巡航摘除不了的案例就吓死人，电车指不定哪天更容易出现问题，我反正不敢买电车,1,2025-10-15 21:04:31,支持
唉呀我的锅,撞击不是电车不也有起火？,0,2025-10-20 08:52:08,反对
暮兴裹垌,160速度还有几个车能存在,0,2025-10-18 20:17:10,中立
进击的哈比w,其他车没印象，但是宝马上锁时，车内门把手拉一下不解锁，连拉两下就解锁了。即可避免误操作，又方便紧急情况解锁，建议车企普及下，最好能写进法律。而且机械门把手一直都在窗边附近，非要藏到一个你猜不到的地方，一台几十万的车，非要在这种地方省成本真的很恶心。,0,2025-10-20 16:29:46,支持
深圳比亚迪大客户经理,呢么问题来了,1,2025-10-15 20:01:24,支持
朝大神,这种车门里就不能装个电容 存个一次俩次的电 这样即使没电了 也能开一下,1,2025-10-16 14:34:40,反对
提里奥弗丁123,麦克风怎么在伸缩啊[doge],0,2025-10-18 15:37:12,中立
子夜香茶窗外雪,奥特能平台可安全了，但国内因为要省成本基本不会上这玩意,1,2025-10-15 20:38:35,反对
石石石被星星,不是有副电瓶吗？线路应该不至于全部废了吧？,0,2025-10-18 07:05:42,支持
柠檬の霸,以前还能看到好多界的车祸视频，现在看不到了，只有小米的车祸视频，不知道啥原因,19,2025-10-19 05:09:16,支持
俊H丶,笋尖刹停 遥遥领先,0,2025-10-18 00:07:05,中立
NPC路人刚,出过一次事故，安全气囊出来了，车里一股火药味。。。到现在还有人问安全气囊为什么没弹出来。这么大的火，安全气囊你又知道没弹了？那玩意一瞬间就烧没了啊,9,2025-10-17 19:16:32,支持
chcben,車頭到車尾都沒一點變形 那為什麼門打不開呢 好難猜啊,0,2025-10-17 15:16:25,中立
萌宝瞎喂狗,雨雪天打滑是外部因素导致路面摩擦力不同步而打滑，小米这个是马力过大+后轮左右不同步导致的，两种性质,0,2025-10-17 09:52:57,中立
布莱克曼114514,经历过车祸，要不是那段路限速60我开50飞出去的就不是后视镜，是我啦！只能说限速真是好东西,2,2025-10-16 18:11:45,支持
twistzz_fazeclan,车主变成小米的骨灰级粉丝了[支持][支持],68,2025-10-16 08:03:00,支持
萌萌哒小鳄鱼丶,借楼问一下，我26已婚，近两年不考虑小孩，和老婆都是房价一线城市体制内（我部队的，老婆医生），加起来年入36w，有房月供9700还剩九年半。上一辆车全款su7max国庆前接电话没注意撞栏杆基本全损，现在父母都推荐油车，现在估计每年能跑7000公里左右，目前觉得车只是个代步工具，和老婆都比较喜欢大狗26款，请问大家可以考虑吗？还是买贵点的车？,4,2025-10-16 00:32:38,支持
轻尘栖弱草13,专门提了su7，想下单了[笑哭],65,2025-10-15 21:54:48,中立
1望梅止渴1,第一个硬币,4,2025-10-15 20:05:07,中立
乐和kitty妈,看了那么多视频就很疑问。 如果是机械门。 在这种撞击速度下，它就一定打得开吗？ 这种重的外力下徒手就能把机械门打开？我也有太多的疑问。,6,2025-10-17 09:25:35,反对
真的有如果吗,正常机械门，里面上锁后，外面不是一样打不开[疑惑],1,2025-10-15 22:26:39,反对
中国兄弟会,咋解释？,4,2025-10-15 21:32:38,中立
劈头士威震天,机械风味车门把手,1,2025-10-15 21:15:10,反对
洗浴二楼的道德楷模,花果山的来了，超哥保重,136,2025-10-15 20:20:15,支持
味增味增味增味增,最基本的逻辑，车辆前脸没有变形，AB柱完好，甚至后视镜都在。这个损伤程度驾驶员100%死不了。 驾驶员是被烧死的不是撞死的。 小米车门是两个几块钱的微动开关。,51,2025-10-17 15:44:19,支持
-五月十三-,新鲜的[doge_金箍],14,2025-10-18 13:54:30,支持
都比快到碗里来,车门翻滚变形,4,2025-10-16 21:11:32,反对
-昭烈,撞击时超过 50 码我吃,3,2025-10-17 18:20:42,中立
熊二萌萌哒呀,为啥某些人只字不提饮酒超速行驶？车门存在撞击变形导致无法开启？[思考],4,2025-10-17 15:59:52,反对
麦晓疏,[辣眼睛],2,2025-10-17 21:55:35,中立
表兔心机,我来。,2,2025-10-15 20:43:48,中立
-咸鱼壹条-,你的雷子：,2,2025-10-17 01:35:49,支持
叮-叮咚-叮,这么勤快的举报？？ 我就说了没有高速撞击，车头车门甚至车牌都完整。 你们在怕什么[嗑瓜子][嗑瓜子]呢？？,2,2025-10-17 00:49:24,中立
我从不黑c罗,所以车门到底是为什么打不开呢？信你们还是信官方记者？,2,2025-10-17 10:30:51,反对
吃不吃梨L,[捂眼],1,2025-10-16 18:08:02,中立
炸雷扁扁,删的真快。有啥不能说的,1,2025-10-16 20:52:56,支持
Engagement-er,[支持],17,2025-10-22 07:01:03,中立
C源爱发呆,小火猴来咯[星星眼][星星眼],1,2025-10-16 17:52:54,支持
原点丶丶丶,[微笑],0,2025-10-17 19:20:57,中立
局长维德official,[微笑],0,2025-10-17 12:22:28,中立
昵称包含违禁词,[大哭],0,2025-10-17 11:34:53,中立
无口妖僧,♪～曾经♬～我茫然前行～♬～黯夜的路上♪～ ♪～♪微风～ ♬刺痛着灵魂～♪找不到应该的方向♬～生命这样的旅程♬～要用多少泪水来完整♬～是否我能期待♪～遥远天际一起飞翔♪ ～新造的人♬～生命这样的旅程♪～我渴求你的微笑来完整♪～你能为我打开自由的门♪～牵起手吧♪～ 新造的人♪～,0,2025-10-16 19:33:26,支持
764刚好,要不是雷总免费送配件，你们买的车都得是这样的[吃瓜],0,2025-10-16 18:23:06,支持
Savage丨黑色,[嗑瓜子],0,2025-10-16 16:34:13,中立
尼口尼口小奕,嗯？,0,2025-10-18 03:51:22,中立
管饱菌,[保佑],0,2025-10-17 08:03:41,中立
叮-叮咚-叮,这么勤快的举报？？ 我就说了没有高速撞击，车头车门甚至车牌都完整。 你们在怕什么[嗑瓜子][嗑瓜子],0,2025-10-17 00:48:50,中立
拖拉机高阶智驾工程师,2025.01买的 即热便携饮水机 ，10月13日突然屏幕故障（有视频），联系电商客服邮寄至广东小米寄修中心，检测结果为无故障（服务单号：AS2510133748405），10月16日收到寄修中心回邮的检测产品，开箱测试屏幕直接就无法使用（录制了开箱视频）。小米售后可真敷衍啊，产品坏了直接出具检测无故障。,0,2025-10-16 21:18:17,支持
宇啊宇慧啊慧,带你走遍每个评论区,0,2025-10-16 19:14:53,中立
多想成为派大星,豆包也是吃上雷总的饭了，雷总太坏了，不给这些公正的，正义的，理智的，极具思考能力的自媒体和网民百亿补贴，去补贴 ai，太坏了😡😡😡,0,2025-11-07 09:10:13,支持
合欢宗宗主他爹,为爱发烧,0,2025-10-17 23:39:40,支持
流氓阿哥,这个速度车门变形打开？？车后窗都已经降下来了证明已经解锁了，是车门挤压变形打不开，别人现在救援的人也说了车门挤压变形,0,2025-10-21 20:48:09,反对
极阴岛文旅,等什么呢,0,2025-10-29 21:55:12,中立
太阳懒虫,安全就是最大的豪车[给心心],3,2025-10-17 16:46:45,中立
